MacroPlot_Name_FH,Treatment_Unit_FH,Project_Unit_FH,Aspect_Azimuth_FH,Elevation_ft_FH,Frst_Thin_FH,Scnd_Thin_FH,Frst_Fire_FH,Scnd_Fire_FH,Thrd_Fire_FH,Year_Installed_FH,1992_FH,1993_FH,1994_FH,1995_FH,1996_FH,1997_FH,1998_FH,1999_FH,2000_FH,2001_FH,2002_FH,2003_FH,2004_FH,2005_FH,2006_FH,2007_FH,2008_FH,2009_FH,2010_FH,2011_FH,2012_FH,2013_FH,UTM_X_FH,UTM_Y_FH
FPIPO1G0903,48,FPIPO1G,,6547,,,Jun-93,Jun-97,11-Jun,1992,P-PST,1YR,2YR,,,02-PST,02-1YR,02-2YR,,,02-5YR-T,Tree,Tree,Tree,Tree,02-10YR-T,Tree,Tree,Tree,03-PST-T,miss/Tree,miss/Tree,382677,3959537
FPIPO1G0902,48,FPIPO1G,160,6498,,,Jun-93,Jun-97,11-Jun,1992,PRE,PST,1YR,2YR,,02-PST,02-1YR,02-2YR,,,02-5YR-T,Tree,Tree,Tree,Tree,02-10YR-T,Tree,Tree,Tree,03-PST-T,miss/Tree,miss/Tree,382481,3958759
FPIPO1G0904,48,FPIPO1G,20,6465,,,Jun-93,Jun-97,11-Jun,1993,,P-PST,1YR,2YR,,02-PST,02-1YR,02-2YR,,,02-5YR-T,Tree,Tree,Tree,Tree,02-10YR-T,Tree,Tree,Tree,03-PST-T,miss/Tree,miss/Tree,382495,3958625
FPIPO1G0905,48,FPIPO1G,35,6530,,,Jun-93,Jun-97,11-Jun,1993,,P-PST,1YR,2YR,,02-PST,02-1YR,02-2YR,,,02-5YR-T,Tree,Tree,Tree,Tree,02-10YR-T,Tree,Tree,Tree,03-PST-T,miss/Tree,miss/Tree,382917,3959122
FPIPO1G0901,48,FPIPO1G,,6520,,,Jun-93,Jun-97,11-Jun,1992,PRE,PST,1YR,2YR,,02-PST,02-1YR,02-2YR,,,02-5YR-T,Tree,Tree,Tree,Tree,02-10YR-T,Tree,Tree,Tree,03-PST-T,miss/Tree,miss/Tree,382575,3959129
FPIPO1G0909,55,FPIPO1G,,6640,,,Sep-93,Jun-97,11-Jun,1993,,P-PST,1YR,2YR,,02-PST,02-1YR,02-2YR,,,02-5YR-T,Tree,Tree,Tree,Tree,02-10YR-T,Tree,Tree,Tree,03-PST-T,miss/Tree,miss/Tree,381932,3960222
FPIPO1G0906,49,FPIPO1G,,6600,,,Oct-93,Jun-97,11-Jun,1993,,P-PST,1YR,2YR,,02-PST,02-1YR,02-2YR,,,02-5YR-T,Tree,Tree,Tree,Tree,02-10YR-T,Tree,Tree,Tree,03-PST-T,miss/Tree,miss/Tree,382041,3959585
FPIPO1G0908,49,FPIPO1G,190,6625,,,Oct-93,Jun-97,11-Jun,1993,,P-PST,1YR,2YR,,02-PST,02-1YR,02-2YR,,,02-5YR-T,Tree,Tree,Tree,Tree,02-10YR-T,Tree,Tree,Tree,03-PST-T,miss/Tree,miss/Tree,381950,3959702
FPIPO1G0907,49,FPIPO1G,70,6640,,,Oct-93,Jun-97,11-Jun,1993,,P-PST,1YR,2YR,,02-PST,02-1YR,02-2YR,,,02-5YR-T,Tree,Tree,Tree,Tree,02-10YR-T,Tree,Tree,Tree,03-PST-T,miss/Tree,miss/Tree,381948,3959627
FPIPO2T0904,14,FPIPO2T,,,,,Oct-94,11-Jun,,1994,,,P-PST,1YR,2YR,,,5YR,,,,,10YR,,,,,fuel,02-PRE,miss,miss,miss,376593,3965448
FPIPO2T0902,14,FPIPO2T,,,,,Oct-94,11-Jun,,1994,,,P-PST,1YR,2YR,,,5YR,,,,,10YR,,,,,fuel,02-PRE,miss,miss,miss,376566,3965559
FPIPO2T0901,14,FPIPO2T,,8145,9-Aug,,Oct-94,11-Jun,,1994,,,P-PST,1YR,2YR,,,5YR,,,,,10YR,,,,,fuel,02-PRE,miss,miss,miss,376704,3965407
FPIPO2T0903,27,FPIPO2T,,7660,9-Aug,,Oct-94,May-00,11-Jun,1994,,,P-PST,1YR,2YR,,,5YR,02PST,02-1YR,02-2YR,,,02-5YR,,,,,02-10YR,miss,miss,miss,377044,3965995
FPSME1T0820,27,FPSME1T,,7800,,,Oct-94,11-Jun,,1994,,,P-PST,1YR,2YR,,,5YR,,,,,10YR,,,,,,,miss,miss,miss,376964,3965714
FPSME1T0810,8,FPSME1T,,9079,,,Oct-95,May-00,11-Jun,1994,,,PRE,miss,1YR,2YR,,,02PST,02-1YR,02-2YR,,,02-5YR,,,,,02-10YR,miss,miss,miss,373334,3966629
FPSME1T0823,8,FPSME1T,,9140,,,Oct-95,May-00,11-Jun,1994,,,PRE,PST,1YR,2YR,,,02PST,02-1YR,02-2YR,,,02-5YR,,,,,02-10YR,miss,miss,miss,373609,3966984
FPSME1T0822,8,FPSME1T,,,,,Oct-95,May-00,11-Jun,1994,,,PRE,miss,1YR,2YR,,,02PST,02-1YR,02-2YR,,,02-5YR,,,,,02-10YR,miss,miss,miss,373609,3966984
FPSME1T0804,8,FPSME1T,,9140,,,Oct-95,May-00,11-Jun,1993,,PRE,,miss,1YR,2YR,,,02PST,02-1YR,02-2YR,,,02-5YR,,,,,02-10YR,miss,miss,miss,373300,3966313
FPIED1G0602,59,FPIED1G,,,,,Apr-96,,,1996,,,,,P-PST,1YR,2YR,,,5YR,,,,,miss,,,,,,,,378490,3958197
FDOME1G0901,59,FDOME1G,,,,,Apr-96,,,1996,,,,,P-PST,1YR,2YR,,,5YR,,,,,miss,,,,,,,,377512,3959430
FDOME1G0902,59,FDOME1G,,7314,,,Apr-96,,,1996,,,,,P-PST,1YR,2YR,,,5YR,,,,,miss,,,,,,,,377438,3959411
FPIED1G0601,59,FPIED1G,,,,,Apr-96,,,1996,,,,,P-PST,1YR,2YR,,,5YR,,,,,miss,,,,,,,,378364,3958277
FPIPO1T0903,40,FPIPO1T,,6650,,,10/15/96,4/23/00,,1996,,,,,PRE,PST-1YR,2YR,,02-PST,02-1YR,02-2YR-T,Tree,Tree,02-5YR-T,Tree,Tree,Tree,Tree,02-10YR-T,Tree,Tree,Tree,384948,3961425
FPIPO1T0901,40,FPIPO1T,179,6680,,,10/15/96,4/23/00,7-Nov,1996,,,,,PRE,PST-1YR,2YR,,02-PST,02-1YR,02-2YR-T,Tree,Tree,02-5YR-T,Tree,03-PST-1YR-T,03-2YR-T,Tree,Tree,03-5YR-T,Tree,Tree,384656,3961828
FPIPO1T0902,40,FPIPO1T,62,6650,,,10/15/96,4/23/00,7-Nov,1996,,,,,PRE,PST-1YR,2YR,,02-PST,02-1YR,02-2YR-T,Tree,Tree,02-5YR-T,Tree,03-PST-1YR-T,03-2YR-T,Tree,Tree,03-5YR-T,Tree,Tree,384861,3961481
FPIPO3T0203,30,FPIPO3T,,7300,,,Apr-98,11-Jun,,1998,,,,,,,P/PST,1YR,2YR,,,5YR,,,,,10YR-02-PRE,,,02-PST,02-1YR,02-2YR,378799,3965309
FPIPO3T0204,30,FPIPO3T,,7323,,,Apr-98,11-Jun,,1998,,,,,,,P/PST,1YR,2YR,,,5YR,,,,,10YR-02-PRE,,,02-PST,02-1YR,02-2YR,379015,3965094
FPIPO3T0205,30,FPIPO3T,,7317,,,Apr-98,11-Jun,,1998,,,,,,,P/PST,1YR,2YR,,,5YR,,,,,10YR-02-PRE,,,02-PST,02-1YR,02-2YR,378876,3965153
FPIPO3T0206,30,FPIPO3T,,7318,,,Apr-98,11-Jun,,1998,,,,,,,P/PST,1YR,2YR,,,5YR,,,,,10YR-02-PRE,,,02-PST,02-1YR,02-2YR,379302,3965457
FPIPO3T0207,30,FPIPO3T,,7386,,,Apr-98,11-Jun,,1998,,,,,,,P/PST,1YR,2YR,,,5YR,,,,,10YR-02-PRE,,,02-PST,02-1YR,02-2YR,379235,3965855
FPIPO3T0201,30,FPIPO3T,,7335,,,Apr-98,11-Jun,,1997,,,,,,,P/PST,1YR,2YR,,,5YR,,,,,10YR-02-PRE,,,02-PST,02-1YR,02-2YR,379460,3965092
FPIPO3T0202,30,FPIPO3T,,7500,,,Apr-98,11-Jun,,1998,,,,,,,P/PST,1YR,2YR,,,5YR,,,,,10YR-02-PRE,,,02-PST,02-1YR,02-2YR,378748,3965727
FPIPO3T0210,28,FPIPO3T,,7462,,,Jul-98,11-Jun,,1998,,,,,,,P/PST,1YR,2YR,,,5YR,,,,,10YR-02-PRE,,,02-PST,02-1YR,miss,377441,3964385
FPIPO3T0211,29,FPIPO3T,,7198,,,Jul-98,11-Jun,,1998,,,,,,,P/PST,1YR,2YR,,,5YR,,,,,10YR-02-PRE,,,02-PST,02-1YR,02-2YR,378761,3963838
FPIPO3T0212,28,FPIPO3T,,7527,,,Jul-98,11-Jun,,1998,,,,,,,P/PST,1YR,2YR,,,5YR,,,,,10YR-02-PRE,,,02-PST,02-1YR,miss,377656,3964563
FPIPO3T0213,29,FPIPO3T,,7637,,,Jul-98,11-Jun,,1998,,,,,,,P/PST,1YR,2YR,,,5YR,,,,,10YR-02-PRE,,,02-PST,02-1YR,02-2YR,378362,3964677
FPIPO3T0214,29,FPIPO3T,82,7257,,,Jul-98,11-Jun,,1998,,,,,,,P/PST,1YR,2YR,,,5YR,,,,,10YR-02-PRE,,,02-PST,02-1YR,02-2YR,379079,3964539
FPIPO3T0209,29,FPIPO3T,,7438,,,Jul-98,11-Jun,,1998,,,,,,,P/PST,1YR,2YR,,,5YR,,,,,10YR-02-PRE,,,02-PST,02-1YR,02-2YR,378166,3963811
FPIPO3T0208,29,FPIPO3T,95,7146,,,Jul-98,11-Jun,,1998,,,,,,,P/PST,1YR,2YR,,,5YR,,,,,10YR-02-PRE,,,02-PST,02-1YR,02-2YR,379948,3963981
FPIPO3T0217,38,FPIPO3T,,7033,,,Mar-99,11-Jun,,1998,,,,,,,PRE,PST,1YR,2YR,,,5YR,,,,02-PRE,10YR,,02-PST,02-1YR,02-2YR,382145,3963125
FPIPO3T0218,38,FPIPO3T,,7190,,,Mar-99,11-Jun,,1998,,,,,,,PRE,PST,1YR,2YR,,,5YR,,,,02-PRE,10YR,,02-PST,02-1YR,02-2YR,381451,3964694
FPIPO3T0216,38,FPIPO3T,220,7163,,,Mar-99,11-Jun,,1998,,,,,,,PRE,PST,1YR,2YR,,,5YR,,,,02-PRE,10YR,,02-PST,02-1YR,02-2YR,380938,3963517
FPIPO3T0215,38,FPIPO3T,,7153,,,Mar-99,11-Jun,,1998,,,,,,,PRE,PST,1YR,2YR,,,5YR,,,,02-PRE,10YR,,02-PST,02-1YR,02-2YR,381444,3963738
FPIPO3T0219,38,FPIPO3T,,7179,,,Mar-99,11-Jun,,1998,,,,,,,PRE,PST,1YR,2YR,,,5YR,,,,02-PRE,10YR,,02-PST,02-1YR,02-2YR,381422,3964536
FPLEX1T0207,1,FPLEX1T,,9925,,,May-00,11-Jun,,1999,,,,,,,,PRE,PST,1YR,2YR,,,,,,,,,miss,01-1YR,miss,372870,3969710
FPLEX1T0211,1,FPLEX1T,,9520,,,May-00,11-Jun,,1999,,,,,,,,PRE,PST,1YR,2YR,,,,,,,,,miss,01-1YR,miss,373202,3968528
FPLEX1T0217,1,FPLEX1T,,9420,,,May-00,11-Jun,,1999,,,,,,,,PRE,PST,1YR,2YR,,,,,,,,,miss,01-1YR,miss,372930,3969027
FPOTR1T0803,1,FPOTR1T,,,,,May-00,11-Jun,,1999,,,,,,,,PRE,PST,1YR,2YR,,,,,,,,,miss,01-1YR,miss,372492,3969013
FPOTR1T0802,1,FPOTR1T,,,,,May-00,11-Jun,,1999,,,,,,,,PRE,PST,1YR,2YR,,,,,,,,,miss,01-1YR,miss,373073,3969481
FPLEX1T0210,1,FPLEX1T,,9417,,,May-00,11-Jun,,1999,,,,,,,,PRE,PST,1YR,2YR,,,,,,,,,miss,01-1YR,miss,372916,3969042
FPLEX1T0214,1,FPLEX1T,,9263,,,May-00,11-Jun,,1999,,,,,,,,PRE,PST,1YR,2YR,,,,,,,,,miss,01-1YR,miss,371387,3968689
FPLEX1T0208,1,FPLEX1T,,9290,,,May-00,11-Jun,,1999,,,,,,,,PRE,PST,1YR,2YR,,,,,,,,,miss,01-1YR,miss,372526,3969127
FPLEX1T0216,1,FPLEX1T,,9549,,,May-00,11-Jun,,1999,,,,,,,,PRE,PST,1YR,2YR,,,,,,,,,miss,01-1YR,miss,371679,3968795
FPLEX1T0206,1,FPLEX1T,,9534,,,May-00,11-Jun,,1999,,,,,,,,PRE,PST,1YR,2YR,,,,,,,,,miss,01-1YR,miss,372748,3969316
FPLEX1T0205,1,FPLEX1T,,9530,,,May-00,11-Jun,,1999,,,,,,,,PRE,PST,1YR,2YR,,,,,,,,,miss,01-1YR,miss,372194,3969477
FPLEX1T0204,1,FPLEX1T,,9505,,,May-00,11-Jun,,1999,,,,,,,,PRE,PST,1YR,2YR,,,,,,,,,miss,01-1YR,miss,372844,3969046
FPLEX1T0203,1,FPLEX1T,,9520,,,May-00,11-Jun,,1999,,,,,,,,PRE,PST,1YR,2YR,,,,,,,,,miss,miss,miss,372857,3968814
FPLEX1T0202,1,FPLEX1T,,9630,,,May-00,11-Jun,,1999,,,,,,,,PRE,PST,1YR,2YR,,,,,,,,,miss,01-1YR,miss,373013,3968565
FPLEX1T0201,1,FPLEX1T,,9200,,,May-00,11-Jun,,1999,,,,,,,,PRE,PST,1YR,2YR,,,,,,,,,miss,01-1YR,miss,372633,3968493
FPLEX1T0209,1,FPLEX1T,,9520,,,May-00,11-Jun,,1999,,,,,,,,PRE,PST,1YR,2YR,,,,,,,,,miss,01-1YR,miss,371921,3968765
FPLEX1T0213,1,FPLEX1T,,9101,,,May-00,11-Jun,,1999,,,,,,,,PRE,PST,1YR,2YR,,,,,,,,,miss,01-1YR,miss,372096,3968452
FPLEX1T0212,1,FPLEX1T,,8924,,,May-00,11-Jun,,1999,,,,,,,,PRE,PST,1YR,2YR,,,,,,,,,miss,01-1YR,miss,372015,3967965
FPLEX1T0218,1,FPLEX1T,,9565,,,May-00,11-Jun,,1999,,,,,,,,PRE,PST,1YR,2YR,,,,,,,,,miss,01-1YR,miss,372955,3968824
FPLEX1T0215,1,FPLEX1T,,9555,,,May-00,11-Jun,,1999,,,,,,,,PRE,PST,1YR,2YR,,,,,,,,,miss,01-1YR,miss,372877,3968849
MPSME2T0826,5,MPSME2T,,9251,2008,,11-Jun,,,2008,,,,,,,,,,,,,,,,,P-PST,,,miss,miss,miss,373397,3967740
MPSME2T0827,5,MPSME2T,,9248,2008,,11-Jun,,,2008,,,,,,,,,,,,,,,,,P-PST,,,miss,miss,miss,373574,3967502
MPSME2T0828,5,MPSME2T,,9225,2008,,11-Jun,,,2008,,,,,,,,,,,,,,,,,P-PST,,,miss,miss,miss,373557,3967623
MPSME2T0829,5,MPSME2T,282,9107,2008,,11-Jun,,,2008,,,,,,,,,,,,,,,,,P-PST,,,miss,miss,miss,373476,3967253
MPSME2T0830,8,MPSME2T,,9156,2008,,11-Jun,,,2008,,,,,,,,,,,,,,,,,P-PST,,,miss,miss,miss,373540,3966913
MPSME2T0831,8,MPSME2T,302,9107,2008,,11-Jun,,,2008,,,,,,,,,,,,,,,,,P-PST,,,miss,miss,miss,373479,3966406
MPSME2T0832,8,MPSME2T,214,9101,2008,,11-Jun,,,2008,,,,,,,,,,,,,,,,,P-PST,,,miss,miss,miss,373391,3966796
FPSME1T0825,14,FPSME1T,,,,,11-Jun,,,1996,,,,,PRE,,PRE,veg,,,,,,,,,,fuel,02-PRE,miss,miss,miss,374297,3965115
FPSME1T0805,14,FPSME1T,,8580,,,11-Jun,,,1995,,,,PRE,,PRE,,PRE,,,,,,,,,,fuel,02-PRE,miss,miss,miss,373834,3965333
FPIPO2T0907,14,FPIPO2T,,8402,,,11-Jun,,,1995,,,,PRE,,PRE,,PRE,,,,,,,,,,fuel,02-PRE,miss,miss,miss,373977,3964891
FPSME1T0819,14,FPSME1T,,,,,11-Jun,,,1996,,,,,PRE,,PRE,veg,,,,,,,,,,fuel,02-PRE,miss,miss,miss,373833,3965272
FPSME1T0824,14,FPSME1T,,8469,,,11-Jun,,,1995,,,,PRE,,PRE,,PRE,,,,,,,,,,fuel,02-PRE,miss,miss,miss,374141,3965207
FPSME1T0803,14,FPSME1T,,,,,11-Jun,,,1996,,,,,PRE,,PRE,veg,,,,,,,,,,fuel,02-PRE,miss,miss,miss,373774,3965416
FPIPO2T0906,14,FPIPO2T,,8532,,,11-Jun,,,1995,,,,PRE,,PRE,,PRE,,,,,,,,,,fuel,02-PRE,miss,miss,miss,373877,3965190
FPSME1T0821,14,FPSME1T,,8578,,,11-Jun,,,1995,,,,PRE,,PRE,,PRE,,,,,,,,,,fuel,02-PRE,miss,miss,miss,373979,3965215
FPIPO2T0905,14,FPIPO2T,,,,,11-Jun,,,1996,,,,,PRE,,PRE,veg,,,,,,,,,,fuel,02-PRE,miss,miss,miss,373778,3965243
FPIPO2T0908,14,FPIPO2T,,8337,,,11-Jun,,,1995,,,,PRE,,PRE,,PRE,,,,,,,,,,fuel,02-PRE,miss,miss,miss,374431,3964892
FPIPO2T0909,14,FPIPO2T,,8266,,,11-Jun,,,1995,,,,PRE,,PRE,,PRE,,,,,,,,,,fuel,02-PRE,miss,miss,miss,374555,3964889
MPSME2T0824,289,MPSME2T,142,8953,2006,,11-Jun,,,2006,,,,,,,,,,,,,,,P-PST,,,,,02-PST,02-1YR,miss,369521,3965934
MPSME2T0822,289,MPSME2T,195,9015,2006,,11-Jun,,,2006,,,,,,,,,,,,,,,P-PST,,,,,02-PST,02-1YR,miss,370065,3966228
MPSME2T0823,289,MPSME2T,270,8943,2006,,11-Jun,,,2006,,,,,,,,,,,,,,,P-PST,,,,,02-PST,02-1YR,miss,370974,3966930
MPSME2T0825,289,MPSME2T,166,9010,2006,,11-Jun,,,2006,,,,,,,,,,,,,,,P-PST,,,,,02-PST,02-1YR,miss,370382,3966309
MPSME2T0809,HWY 4,MPSME2T,,8909,2002,,11-Jun,,,2002,,,,,,,,,,,PRE,,1YR,,,,,,,miss,miss,miss,373200,3965841
MPIPO4T0901,HWY 4,MPIPO4T,,9111,2002,,11-Jun,,,2002,,,,,,,,,,,PRE-Tree,1YR,,,,,,,,miss,miss,miss,372124,3967971
MPIPO4T0905,HWY 4,MPIPO4T,,8820,2002,2009,11-Jun,,,2002,,,,,,,,,,,PRE-Tree,,1YR,,,,,02-PRE,02-PST,miss,miss,miss,373788,3965630
MPIPO4T0908,HWY 4,MPIPO4T,,8305,2002,2009,11-Jun,,,2002,,,,,,,,,,,PRE-Tree,1YR,,,,,,02-PRE,02-PST,miss,miss,miss,375525,3966027
MPIPO4T0903,HWY 4,MPIPO4T,,8800,2002,2009,11-Jun,,,2002,,,,,,,,,,,PRE-Tree,,1YR,,,,,02-PRE,02-PST,miss,miss,miss,373706,3965577
MPIPO4T0902,HWY 4,MPIPO4T,,9207,2002,,11-Jun,,,2002,,,,,,,,,,,PRE-Tree,,1YR,,,,,,,miss,miss,miss,373109,3966556
MPIPO4T0907,HWY 4,MPIPO4T,,8600,2002,2009,11-Jun,,,2002,,,,,,,,,,,PRE-Tree,,1YR,,,,,02-PRE,02-PST,miss,miss,miss,373971,3965680
MPIPO4T0906,HWY 4,MPIPO4T,,8015,2002,,11-Jun,,,2002,,,,,,,,,,,PRE-Tree,,1YR,,,,,Miss,02-PST,miss,miss,miss,376050,3965969
MPSME2T0801,HWY 4,MPSME2T,,9025,2002,,11-Jun,,,2002,,,,,,,,,,,PRE,,1YR,,,,,,,miss,miss,miss,372583,3968234
MPIPO4T0910,HWY 4,MPIPO4T,,8040,2002,,11-Jun,,,2002,,,,,,,,,,,PRE-Tree,miss,,,,,,Miss,02-PST,miss,miss,miss,376313,3966009
MPIPO4T0909,HWY 4,MPIPO4T,,8117,2002,2009,11-Jun,,,2002,,,,,,,,,,,PRE-Tree,,1YR,,,,,02-PRE,02-PST,miss,miss,miss,376258,3966037
MPSME2T0810,HWY 4,MPSME2T,,8759,2002,2009,11-Jun,,,2002,,--,--,,,,,,,,PRE,,1YR,,,,,02-PRE,02-PST,miss,miss,miss,373945,3965670
FPSME1T0845,7,FPSME1T,318,9171,,,11-Jun,,,2009,,,,,,,,,,,,,,,,,,PRE,,miss,01-1YR,miss,369363,3967794
FPSME1T0847,7,FPSME1T,77,8895,,,11-Jun,,,2009,,,,,,,,,,,,,,,,,,PRE,,miss,miss,miss,371160,3967663
FPSME1T0848,7,FPSME1T,163,9078,,,11-Jun,,,2009,,,,,,,,,,,,,,,,,,PRE,,miss,miss,miss,370099,3966503
FPSME1T0849,7,FPSME1T,287,9162,,,11-Jun,,,2009,,,,,,,,,,,,,,,,,,PRE,,miss,01-1YR,miss,369556,3968050
FPSME1T0850,7,FPSME1T,345,9737,,,11-Jun,,,2009,,,,,,,,,,,,,,,,,,PRE,,miss,01-1YR,miss,370150,3967719
FPSME1T0851,7,FPSME1T,112,9452,,,11-Jun,,,2009,,,,,,,,,,,,,,,,,,PRE,,miss,miss,miss,370511,3967400
FPSME1T0852,7,FPSME1T,198,9022,,,11-Jun,,,2009,,,,,,,,,,,,,,,,,,PRE,,miss,01-1YR,miss,370570,3966507
FPSME1T0853,7,FPSME1T,42,9247,,,11-Jun,,,2009,,,,,,,,,,,,,,,,,,PRE,,miss,01-1YR,miss,370562,3966960
FPSME1T0854,7,FPSME1T,139,9199,,,11-Jun,,,2009,,,,,,,,,,,,,,,,,,PRE,,miss,01-1YR,miss,370471,3966931
FPSME1T0855,7,FPSME1T,120,9043,,,11-Jun,,,2009,,,,,,,,,,,,,,,,,,PRE,,miss,01-1YR,miss,370773,3967265
FPSME1T0856,7,FPSME1T,230,9011,,,11-Jun,,,2009,,,,,,,,,,,,,,,,,,PRE,,miss,01-1YR,miss,369342,3966947
FPSME1T0857,7,FPSME1T,121,9331,,,11-Jun,,,2009,,,,,,,,,,,,,,,,,,PRE,,miss,01-1YR,miss,370402,3967163
FPSME1T0858,7,FPSME1T,12,9574,,,11-Jun,,,2009,,,,,,,,,,,,,,,,,,PRE,,miss,01-1YR,miss,370304,3967880
FPSME1T0846,7,FPSME1T,240,9220,,,11-Jun,,,2009,,,,,,,,,,,,,,,,,,PRE,,miss,miss,miss,369807,3966734
MPIPO4T0904,HWY 4,MPIPO4T,,8812,2002,2009,11-Jun,,,2002,,,,,,,,,,,PRE-Tree,,1YR,,,,,02-PRE,02-PST,miss,miss,miss,373694,3965637
MPSME2T0802,HWY 4,MPSME2T,,9302,2002,,11-Jun,,,2002,,,,,,,,,,,PRE,1YR,,,,,,,,miss,miss,miss,373306,3967400
MPSME2T0803,HWY 4,MPSME2T,,9226,2002,,11-Jun,,,2002,,,,,,,,,,,PRE,1YR,,,,,,,,miss,miss,miss,373195,3966561
MPSME2T0804,HWY 4,MPSME2T,,9042,2002,,11-Jun,,,2002,,,,,,,,,,,PRE,,1YR,,,,,,,miss,miss,miss,371828,3967727
MPSME2T0806,HWY 4,MPSME2T,,9107,2002,,11-Jun,,,2002,,,,,,,,,,,PRE,1YR,,,,,,,,miss,miss,miss,372867,3968083
MPSME2T0807,HWY 4,MPSME2T,,8905,2002,,11-Jun,,,2002,,,,,,,,,,,PRE,,1YR,,,,,,,miss,miss,miss,373034,3967531
MPSME2T0808,HWY 4,MPSME2T,,8101,2002,,11-Jun,,,2002,,,,,,,,,,,PRE,1YR,,,,,,,,miss,miss,miss,373430,3967195
FPSME1T0802,9,FPSME1T,260,9030,,,7-Nov,11-Jun,,1993,,PRE,,,PRE,,PRE,veg,,,,,,,PRE,,PST,,,02-PST,02-1YR,02-2YR,372946,3967494
FPSME1T0806,9,FPSME1T,100,8992,,,7-Nov,11-Jun,,1994,,,PRE,,PRE,,PRE,veg,,,,fuel,,PRE,,,PST,,,02-PST,02-1YR,02-2YR,372031,3967290
FPSME1T0808,9,FPSME1T,,8802,,,7-Nov,11-Jun,,1994,,,PRE,,PRE,,PRE,veg,,,,fuel,,PRE,,,PST,,,02-PST,02-1YR,02-2YR,372107,3966775
FPSME1T0811,9,FPSME1T,126,8865,,,7-Nov,11-Jun,,1994,,,PRE,,PRE,,PRE,veg,,,,fuel,,,PRE,,PST,,,miss,02-1YR,02-2YR,370824,3966083
FPSME1T0812,9,FPSME1T,212,8956,,,7-Nov,11-Jun,,1994,,,PRE,,PRE,,PRE,veg,,,,fuel,,,,PRE,PST,,,02-PST,02-1YR,02-2YR,372990,3966563
FPSME1T0814,9,FPSME1T,,8978,,,7-Nov,11-Jun,,1995,,,,PRE,,PRE,,PRE,,,,fuel,,PRE,,,PST,,,02-PST,02-1YR,02-2YR,372053,3967610
FPSME1T0816,9,FPSME1T,230,8746,,,7-Nov,11-Jun,,1995,,,,PRE,,PRE,,PRE,,,,fuel,,PRE,,,PST,,,02-PST,02-1YR,02-2YR,372343,3967649
FPSME1T0817,9,FPSME1T,340,9001,,,7-Nov,11-Jun,,1995,,,,PRE,,PRE,,PRE,,,,fuel,,,,PRE,PST,,,02-PST,02-1YR,02-2YR,373115,3966999
FPSME1T0818,9,FPSME1T,,8873,,,7-Nov,11-Jun,,1995,,,,PRE,,PRE,,PRE,,,,fuel,,,,PRE,PST,,,02-PST,02-1YR,02-2YR,372828,3966991
FPSME1T0809,9,FPSME1T,130,8849,,,7-Nov,11-Jun,,1994,,,PRE,,,PRE,,PRE,,,,fuel,,PRE,,,miss?,,,miss,02-1YR,02-2YR,372723,3967481
FPSME1T0815,9,FPSME1T,,8838,,,7-Nov,11-Jun,,2005,,,,,,,,,,,,,,PRE,,,PST,,,02-PST,02-1YR,02-2YR,371364,3965836
FPSME1T0826,9,FPSME1T,,8869,,,7-Nov,11-Jun,,2005,,,,,,,,,,,,,,PRE,,,PST,,,02-PST,02-1YR,02-2YR,372372,3967684
FPSME1T0828,9,FPSME1T,,8855,,,7-Nov,11-Jun,,2005,,,,,,,,,,,,,,PRE,,,PST,,,02-PST,02-1YR,02-2YR,371261,3966163
FPSME1T0829,9,FPSME1T,,8982,,,7-Nov,11-Jun,,2005,,,,,,,,,,,,,,PRE,,,PST,,,02-PST,02-1YR,02-2YR,371392,3967533
FPSME1T0830,9,FPSME1T,,8895,,,7-Nov,11-Jun,,2005,,,,,,,,,,,,,,PRE,,,PST,,,02-PST,02-1YR,02-2YR,371643,3967429
FPSME1T0831,9,FPSME1T,,8970,,,7-Nov,11-Jun,,2005,,,,,,,,,,,,,,PRE,,,PST,,,02-PST,02-1YR,02-2YR,371612,3967552
FPSME1T0832,9,FPSME1T,,8850,,,7-Nov,11-Jun,,2005,,,,,,,,,,,,,,PRE,,,PST,,,02-PST,02-1YR,02-2YR,371452,3965841
FPSME1T0833,9,FPSME1T,272,8890,,,7-Nov,11-Jun,,2005,,,,,,,,,,,,,,PRE,,,PST,,,02-PST,02-1YR,02-2YR,372603,3967735
FPSME1T0834,9,FPSME1T,,8953,,,7-Nov,11-Jun,,2005,,,,,,,,,,,,,,PRE,,,PST,,,02-PST,02-1YR,02-2YR,371978,3967341
FPSME1T0835,9,FPSME1T,221,8899,,,7-Nov,11-Jun,,2006,,,,,,,,,,,,,,,PRE,,PST,,,02-PST,02-1YR,02-2YR,370168,3965690
FPSME1T0836,9,FPSME1T,150,8993,,,7-Nov,11-Jun,,2005,,,,,,,,,,,,,,,PRE,,PST,,,02-PST,02-1YR,02-2YR,371632,3967281
FPSME1T0837,9,FPSME1T,,9069,,,7-Nov,11-Jun,,2005,,,,,,,,,,,,,,,,PRE,PST,,,02-PST,02-1YR,02-2YR,373225,3967216
FPSME1T0838,9,FPSME1T,338,8835,,,7-Nov,11-Jun,,2005,,,,,,,,,,,,,,,,PRE,PST,,,miss,miss,miss,372889,3967039
FPSME1T0839,9,FPSME1T,330,8835,,,7-Nov,11-Jun,,2005,,,,,,,,,,,,,,,,PRE,PST,,,miss,02-1YR,miss,372871,3967090
FPSME1T0840,9,FPSME1T,335,8820,,,7-Nov,11-Jun,,2005,,,,,,,,,,,,,,,,PRE,PST,,,miss,02-1YR,02-2YR,372828,3967120
FPSME1T0807,9,FPSME1T,83,8874,,,7-Nov,11-Jun,,2006,,,,,,,,,,,,,,,PRE,--,PST,,,02-PST,02-1YR,02-2YR,372006,3966811
FPSME1T0813,9,FPSME1T,65,8925,,,7-Nov,11-Jun,,2006,,,,,,,,,,,,,,,PRE,,PST,,,02-PST,02-1YR,02-2YR,371998,3966882
FPSME1T0827,9,FPSME1T,114,8871,,,7-Nov,11-Jun,,2006,,,,,,,,,,,,,,,PRE,,PST,,,02-PST,02-1YR,02-2YR,371112,3966377
FPSME1T0841,9,FPSME1T,111,8905,,,7-Nov,11-Jun,,2006,,,,,,,,,,,,,,,PRE,,PST,,,02-PST,02-1YR,02-2YR,370976,3966375
FPSME1T0842,9,FPSME1T,22,8917,,,7-Nov,11-Jun,,2006,,,,,,,,,,,,,,,PRE,,PST,,,02-PST,02-1YR,02-2YR,371260,3966121
FPSME1T0843,9,FPSME1T,252,8966,,,7-Nov,11-Jun,,2006,,,,,,,,,,,,,,,PRE,,PST,,,02-PST,02-1YR,02-2YR,371842,3966911
FPSME1T0844,9,FPSME1T,288,8915,,,7-Nov,11-Jun,,2006,,,,,,,,,,,,,,,PRE,,PST,,,02-PST,02-1YR,02-2YR,370598,3965863
MPSME2T0812,289,MPSME2T,,8961,2005,,7-Nov,11-Jun,,2005,,,,,,,,,,,,,,P-PST,,,02-PST,02-1YR,02-2YR,03-PST,03-1YR,miss,371302,3967522
MPSME2T0816,289,MPSME2T,,8946,2005,,7-Nov,11-Jun,,2005,,,,,,,,,,,,,,P-PST,,,02-PST,02-1YR,02-2YR,03-PST,03-1YR,miss,370899,3966527
MPSME2T0813,289,MPSME2T,,8955,2005,,7-Nov,11-Jun,,2005,,,,,,,,,,,,,,P-PST,,,02-PST,02-1YR,02-2YR,03-PST,03-1YR,miss,371314,3967565
MPSME2T0811,289,MPSME2T,,8994,2005,,7-Nov,11-Jun,,2005,,,,,,,,,,,,,,P-PST,,,02-PST,02-1YR,02-2YR,03-PST,03-1YR,miss,371404,3967678
MPSME2T0815,289,MPSME2T,,8905,2005,,7-Nov,11-Jun,,2005,,,,,,,,,,,,,,P-PST,,,02-PST,02-1YR,02-2YR,03-PST,03-1YR,miss,370918,3966553
MPSME2T0817,289,MPSME2T,,8990,2005,,7-Nov,11-Jun,,2005,,,,,,,,,,,,,,P-PST,,,02-PST,02-1YR,02-2YR,03-PST,03-1YR,miss,369634,3965978
MPSME2T0818,289,MPSME2T,,8999,2005,,7-Nov,11-Jun,,2005,,,,,,,,,,,,,,P-PST,,,02-PST,02-1YR,02-2YR,03-PST,03-1YR,miss,369613,3966045
MPSME2T0819,289,MPSME2T,,8961,2005,,7-Nov,11-Jun,,2005,,,,,,,,,,,,,,P-PST,,,02-PST,02-1YR,02-2YR,03-PST,03-1YR,miss,370831,3966456
MPSME2T0814,289,MPSME2T,,8889,2005,,7-Nov,11-Jun,,2005,,,,,,,,,,,,,,P-PST,,,02-PST,02-1YR,02-2YR,03-PST,03-1YR,miss,371067,3966948
MPSME2T0820,289,MPSME2T,,8961,2005,,7-Nov,11-Jun,,2005,,,,,,,,,,,,,,P-PST,,,02-PST,02-1YR,02-2YR,03-PST,03-1YR,miss,369691,3966116
FJUMO1T0603,40,FJUMO1T,,6673,,,7-Nov,,,2006,,,,,,,,,,,,,,,PRE,PST-1YR,01-2YR,,,01-5YR,,,384588,3961784
FJUMO1T0604,40,FJUMO1T,,6883,,,,,,2006,,,,,,,,,,,,,,,PRE,,,,,,,,383591,3962349
FPIPO1G0914,40,FPIPO1G,282,6719,,,,,,2006,,,,,,,,,,,,,,,PRE,,,,,,,,383937,3961523
FJUMO1T0602,40,FJUMO1T,,6863,,,,,,2006,,,,,,,,,,,,,,,PRE,,,,,,,,383374,3962181
FPIPO1G0913,40,FPIPO1G,104,6667,,,,,,2006,,,,,,,,,,,,,,,PRE,,,,,,,,384749,3961282
FPIPO1G0912,40,FPIPO1G,122,6640,,,,,,2006,,,,,,,,,,,,,,,PRE,,,,,,,,384307,3961264
FPIPO1G0911,40,FPIPO1G,50,6646,,,,,,2006,,,,,,,,,,,,,,,PRE,,,,,,,,384959,3961487
FPIPO1G0915,40,FPIPO1G,195,6718,,,,,,2006,,,,,,,,,,,,,,,PRE,,,,,,,,383888,3961657
FJUMO1T0605,40,FJUMO1T,,6895,,,,,,2006,,,,,,,,,,,,,,,PRE,,,,,,,,383780,3962456
FPIPO1G0916,40,FPIPO1G,355,6601,,,,,,2006,,,,,,,,,,,,,,,PRE,,,,,,,,385221,3961088
FPIPO1G0910,40,FPIPO1G,140,6692,,,,,,2006,,,,,,,,,,,,,,,PRE,,,,,,,,383532,3961719
FJUMO1T0601,40,FJUMO1T,,6353,,,,,,2006,,,,,,,,,,,,,,,PRE,,,,,,,,383492,3962068