Park,Macroplot,SampleEventDate,SampleEventTeam,SampleEventComment,MonStatusOrd,MonStatus,DefaultMonStatus,Purpose,LocatedBy,Type,Latitude,Longitude,UTM_X,UTM_Y,UTM_Zone,Datum,PDOP,Precision,DateIn,FutureVisit,DateOut,Elevation,ElevationUnits,Azimuth,Aspect,SlopeHill,SlopeTransect,StartPoint,Directions,Comments,MetaData,UV1,UV2,UV3,UV4,UV5,UV6,UV7,UV8
BRCA,ABCO-52,,,,,,,FMH - ABCO,"Bastian, Biller",Forest,,,388213,4152397,,NAD83,0,0,7/1/98,,,,,130,270,25,0,"Take the main park road to Agua Canyon Viewpoint.  From the viewpoint, drive .4 miles toward Rainbow Point to the second curve (see map).  On the left is a culvert and a brown delineator.  The delineator is your reference feature. Heading to Plot 0","Route Description: From the delineator, take an azimuth of 72 degrees and walk 7.5-8.0 chains up the hill to the origin. Feature Description:  Compass Bearing Feature to Stake: 180Distance from Feature to Stake, meters: 0",From FMH 1028 ,Subsample comments:  50m_Shrub_Tran: From FMH 1036 50m_Veg_Tran: From FMH 1049 Fuel_1: From FMH 1052 Fuel_2: From FMH 1052 Fuel_3: From FMH 1052 Fuel_4: From FMH 1052 Pole: From FMH 1043 Seedling: From FMH query 17 Tree_Q1: From FMH 1039 Tree_Q2: From FMH 1040 Tree_Q3: From FMH 1041 Tree_Q4: From FMH 1042,,,,,,,,
BRCA,ABCO-52,7/1/98,,From FMH 1029 ,0,00Pre,00Pre,,,,,,,,,,,,,,,,,,,,,,,,,,,,,,,,
BRCA,ABCO-52,7/13/00,,From FMH 1029 ,1,01Post,01Post,,,,,,,,,,,,,,,,,,,,,,,,,,,,,,,,
BRCA,ABCO-52,9/25/01,,From FMH 1029 ,2,01Year01,,,,,,,,,,,,,,,,,,,,,,,,,,,,,,,,,
BRCA,ABCO-52,8/1/02,,From FMH 1029                                                                  ,3,01Year02,,,,,,,,,,,,,,,,,,,,,,,,,,,,,,,,,
BRCA,ABCO-52,8/29/05,,From FMH 1029                                                                  ,4,01Year05,01Year05,,,,,,,,,,,,,,,,,,,,,,,,,,,,,,,,
BRCA,ABCO-52,10/21/08 11:45,"k. Walsh, P. Galh",,11,02Post,02Post,,,,,,,,,,,,,,,,,,,,,,,,,,,,,,,,
BRCA,ABCO-52,8/8/09 9:09,,,12,02Year01,,,,,,,,,,,,,,,,,,,,,,,,,,,,,,,,,
BRCA,ABCO-52,7/9/10 14:12,,,13,02Year02,02Year02,,,,,,,,,,,,,,,,,,,,,,,,,,,,,,,,
BRCA,ABCO-52,6/24/13 8:55,,,14,02Year05,Year5,,,,,,,,,,,,,,,,,,,,,,,,,,,,,,,,
BRCA,ABCO-52,8/27/18 14:15,"MARASCIO, BRANNFORS, VAUGHAN, SPROUSE, MARSHALL",,15,02Year10,,,,,,,,,,,,,,,,,,,,,,,,,,,,,,,,,
BRCA,ABCO-53,,,,,,,FMH - ABCO,,Forest,,,389078,4155288,,NAD83,0,0,11/14/06,,,,,350,0,0,0, Heading to Plot 0,"Route Description:  Feature Description:  Compass Bearing Feature to Stake: 0Distance from Feature to Stake, meters: 0",From FMH 1028 ,Subsample comments:  50m_Shrub_Tran: From FMH 1036 50m_Veg_Tran: From FMH 1049 Fuel_1: From FMH 1052 Fuel_2: From FMH 1052 Fuel_3: From FMH 1052 Fuel_4: From FMH 1052 Pole: From FMH 1043 Seedling: From FMH query 17 Tree_Q1: From FMH 1039 Tree_Q2: From FMH 1040 Tree_Q3: From FMH 1041 Tree_Q4: From FMH 1042,,,,,,,,
BRCA,ABCO-53,6/26/95,,From FMH 1029 ,16,00PR01,00PR01,,,,,,,,,,,,,,,,,,,,,,,,,,,,,,,,
BRCA,ABCO-53,7/12/00,,From FMH 1029 ,17,00PR02,00PR02,,,,,,,,,,,,,,,,,,,,,,,,,,,,,,,,
BRCA,ABCO-53,8/26/05,,From FMH 1029                                                                  ,18,00PR03,00PR03,,,,,,,,,,,,,,,,,,,,,,,,,,,,,,,,
BRCA,ABCO-53,7/23/11 8:50,,,19,00PR04,01YR15,,,,,,,,,,,,,,,,,,,,,,,,,,,,,,,,
BRCA,ABCO-53,8/20/15 8:11,,,0,00Pre,00Pre,,,,,,,,,,,,,,,,,,,,,,,,,,,,,,,,
BRCA,ABCO-54,,,,,,,FMH - ABCO,,Forest,,,388741,4155321,,NAD83,0,0,11/14/06,,,,,80,0,0,0, Heading to Plot 0,"Route Description:  Feature Description:  Compass Bearing Feature to Stake: 0Distance from Feature to Stake, meters: 0",From FMH 1028 ,Subsample comments:  50m_Shrub_Tran: From FMH 1036 50m_Veg_Tran: From FMH 1049 Fuel_1: From FMH 1052 Fuel_2: From FMH 1052 Fuel_3: From FMH 1052 Fuel_4: From FMH 1052 Pole: From FMH 1043 Seedling: From FMH query 17 Tree_Q1: From FMH 1039 Tree_Q2: From FMH 1040 Tree_Q3: From FMH 1041 Tree_Q4: From FMH 1042,,,,,,,,
BRCA,ABCO-54,6/21/95,,From FMH 1029 ,0,00Pre,,,,,,,,,,,,,,,,,,,,,,,,,,,,,,,,,
BRCA,ABCO-54,10/20/95,,From FMH 1029 ,1,01Post,,,,,,,,,,,,,,,,,,,,,,,,,,,,,,,,,
BRCA,ABCO-54,5/14/96,,From FMH 1029 ,2,01Year01,,,,,,,,,,,,,,,,,,,,,,,,,,,,,,,,,
BRCA,ABCO-54,7/7/97,,From FMH 1029 ,3,01Year02,,,,,,,,,,,,,,,,,,,,,,,,,,,,,,,,,
BRCA,ABCO-54,7/12/00,,From FMH 1029 ,4,01Year05,,,,,,,,,,,,,,,,,,,,,,,,,,,,,,,,,
BRCA,ABCO-54,8/27/05,,From FMH 1029                                                                  ,5,01Year10,,,,,,,,,,,,,,,,,,,,,,,,,,,,,,,,,
BRCA,ABCO-54,7/23/11 9:11,,,8,01Year15,01Year15,,,,,,,,,,,,,,,,,,,,,,,,,,,,,,,,
BRCA,ABCO-54,8/11/15 16:41,,,10,01Year20,01Year20,,,,,,,,,,,,,,,,,,,,,,,,,,,,,,,,
BRCA,ABCO-55,,,,,,,FMH - ABCO,,Forest,,,388917,4155163,,NAD83,0,0,11/14/06,,,,,179,0,0,0, Heading to Plot 0,"Route Description:  Feature Description:  Compass Bearing Feature to Stake: 0Distance from Feature to Stake, meters: 0",From FMH 1028 ,Subsample comments:  50m_Shrub_Tran: From FMH 1036 50m_Veg_Tran: From FMH 1049 Fuel_1: From FMH 1052 Fuel_2: From FMH 1052 Fuel_3: From FMH 1052 Fuel_4: From FMH 1052 Pole: From FMH 1043 Seedling: From FMH query 17 Tree_Q1: From FMH 1039 Tree_Q2: From FMH 1040 Tree_Q3: From FMH 1041 Tree_Q4: From FMH 1042,,,,,,,,
BRCA,ABCO-55,7/5/95,,From FMH 1029 ,0,00Pre,,,,,,,,,,,,,,,,,,,,,,,,,,,,,,,,,
BRCA,ABCO-55,10/11/95,,From FMH 1029 ,1,01Post,,,,,,,,,,,,,,,,,,,,,,,,,,,,,,,,,
BRCA,ABCO-55,5/16/96,,From FMH 1029 ,2,01Year01,,,,,,,,,,,,,,,,,,,,,,,,,,,,,,,,,
BRCA,ABCO-55,7/10/97,,From FMH 1029 ,3,01Year02,,,,,,,,,,,,,,,,,,,,,,,,,,,,,,,,,
BRCA,ABCO-55,7/12/00,,From FMH 1029 ,4,01Year05,,,,,,,,,,,,,,,,,,,,,,,,,,,,,,,,,
BRCA,ABCO-55,8/27/05,,From FMH 1029                                                                  ,5,01Year10,,,,,,,,,,,,,,,,,,,,,,,,,,,,,,,,,
BRCA,ABCO-55,7/9/11 15:00,,,8,01Year15,01Year 15,,,,,,,,,,,,,,,,,,,,,,,,,,,,,,,,
BRCA,ABCO-55,8/19/15 15:00,,,10,01Year20,01Year20,,,,,,,,,,,,,,,,,,,,,,,,,,,,,,,,
BRCA,ABCO-56,,,,,,,FMH - ABCO,,Forest,,,388639,4148424,,NAD83,0,0,11/14/06,,,,,122,0,0,0, Heading to Plot 0,"Route Description:  Feature Description:  Compass Bearing Feature to Stake: 0Distance from Feature to Stake, meters: 0",From FMH 1028 ,Subsample comments:  50m_Shrub_Tran: From FMH 1036 50m_Veg_Tran: From FMH 1049 Fuel_1: From FMH 1052 Fuel_2: From FMH 1052 Fuel_3: From FMH 1052 Fuel_4: From FMH 1052 Pole: From FMH 1043 Seedling: From FMH query 17 Tree_Q1: From FMH 1039 Tree_Q2: From FMH 1040 Tree_Q3: From FMH 1041 Tree_Q4: From FMH 1042,,,,,,,,
BRCA,ABCO-56,7/11/95,,From FMH 1029 ,0,00Pre,,,,,,,,,,,,,,,,,,,,,,,,,,,,,,,,,
BRCA,ABCO-56,10/12/95,,From FMH 1029 ,1,01Post,,,,,,,,,,,,,,,,,,,,,,,,,,,,,,,,,
BRCA,ABCO-56,5/21/96,,From FMH 1029 ,2,01Year01,,,,,,,,,,,,,,,,,,,,,,,,,,,,,,,,,
BRCA,ABCO-56,7/8/97,,From FMH 1029 ,3,01Year02,,,,,,,,,,,,,,,,,,,,,,,,,,,,,,,,,
BRCA,ABCO-56,7/13/00,,From FMH 1029 ,4,01Year05,,,,,,,,,,,,,,,,,,,,,,,,,,,,,,,,,
BRCA,ABCO-56,7/30/05,,From FMH 1029                                                                  ,5,01Year10,,,,,,,,,,,,,,,,,,,,,,,,,,,,,,,,,
BRCA,ABCO-56,10/16/08 7:50,,,11,02Post,,,,,,,,,,,,,,,,,,,,,,,,,,,,,,,,,
BRCA,ABCO-56,7/27/09 15:08,,,12,02Year01,,,,,,,,,,,,,,,,,,,,,,,,,,,,,,,,,
BRCA,ABCO-56,7/11/10 14:31,,,13,02Year02,02Year02,,,,,,,,,,,,,,,,,,,,,,,,,,,,,,,,
BRCA,ABCO-56,6/25/13 9:47,,,14,02Year05,02Year05,,,,,,,,,,,,,,,,,,,,,,,,,,,,,,,,
BRCA,ABCO-56,8/22/18 14:52,"MARASCIO, BRANNFORS, MARSHALL, VAUGHAN, VASQUEZ",,15,02Year10,,,,,,,,,,,,,,,,,,,,,,,,,,,,,,,,,
BRCA,ABCO-57,,,,,,,FMH - ABCO,,Forest,,,388689,4148365,,NAD83,0,0,11/14/06,,,,,215,0,0,0, Heading to Plot 0,"Route Description:  Feature Description:  Compass Bearing Feature to Stake: 0Distance from Feature to Stake, meters: 0",From FMH 1028 ,Subsample comments:  50m_Shrub_Tran: From FMH 1036 50m_Veg_Tran: From FMH 1049 Fuel_1: From FMH 1052 Fuel_2: From FMH 1052 Fuel_3: From FMH 1052 Fuel_4: From FMH 1052 Pole: From FMH 1043 Seedling: From FMH query 17 Tree_Q1: From FMH 1039 Tree_Q2: From FMH 1040 Tree_Q3: From FMH 1041 Tree_Q4: From FMH 1042,,,,,,,,
BRCA,ABCO-57,7/10/95,,From FMH 1029 ,0,00Pre,,,,,,,,,,,,,,,,,,,,,,,,,,,,,,,,,
BRCA,ABCO-57,10/13/95,,From FMH 1029 ,1,01Post,,,,,,,,,,,,,,,,,,,,,,,,,,,,,,,,,
BRCA,ABCO-57,5/21/96,,From FMH 1029 ,2,01Year01,,,,,,,,,,,,,,,,,,,,,,,,,,,,,,,,,
BRCA,ABCO-57,7/8/97,,From FMH 1029 ,3,01Year02,,,,,,,,,,,,,,,,,,,,,,,,,,,,,,,,,
BRCA,ABCO-57,7/13/00,,From FMH 1029 ,4,01Year05,,,,,,,,,,,,,,,,,,,,,,,,,,,,,,,,,
BRCA,ABCO-57,7/30/05,,From FMH 1029                                                                  ,5,01Year10,,,,,,,,,,,,,,,,,,,,,,,,,,,,,,,,,
BRCA,ABCO-57,10/16/08 7:49,,,6,01Year13,01Year13,,,,,,,,,,,,,,,,,,,,,,,,,,,,,,,,
BRCA,ABCO-57,7/27/09 15:09,,,7,01Year14,01Year14,,,,,,,,,,,,,,,,,,,,,,,,,,,,,,,,
BRCA,ABCO-57,7/20/10 14:32,,,8,01Year15,01Year15,,,,,,,,,,,,,,,,,,,,,,,,,,,,,,,,
BRCA,ABCO-57,7/9/13 10:25,,,9,01Year18,01Year18,,,,,,,,,,,,,,,,,,,,,,,,,,,,,,,,
BRCA,ABCO-58,,,,,,,FMH - ABCO,,Forest,,,388691,4147766,,NAD83,0,0,11/14/06,,,,,97,0,0,0, Heading to Plot 0,"Route Description:  Feature Description:  Compass Bearing Feature to Stake: 0Distance from Feature to Stake, meters: 0",From FMH 1028 ,Subsample comments:  50m_Shrub_Tran: From FMH 1036 50m_Veg_Tran: From FMH 1049 Fuel_1: From FMH 1052 Fuel_2: From FMH 1052 Fuel_3: From FMH 1052 Fuel_4: From FMH 1052 Pole: From FMH 1043 Seedling: From FMH query 17 Tree_Q1: From FMH 1039 Tree_Q2: From FMH 1040 Tree_Q3: From FMH 1041 Tree_Q4: From FMH 1042,,,,,,,,
BRCA,ABCO-58,7/12/95,,From FMH 1029 ,0,00Pre,,,,,,,,,,,,,,,,,,,,,,,,,,,,,,,,,
BRCA,ABCO-58,10/12/95,,From FMH 1029 ,1,01Post,,,,,,,,,,,,,,,,,,,,,,,,,,,,,,,,,
BRCA,ABCO-58,7/1/96,,From FMH 1029 ,2,01Year01,,,,,,,,,,,,,,,,,,,,,,,,,,,,,,,,,
BRCA,ABCO-58,7/10/97,,From FMH 1029 ,3,01Year02,,,,,,,,,,,,,,,,,,,,,,,,,,,,,,,,,
BRCA,ABCO-58,7/13/00,,From FMH 1029                                                                  ,4,01Year05,,,,,,,,,,,,,,,,,,,,,,,,,,,,,,,,,
BRCA,ABCO-58,7/28/05,,From FMH 1029                                                                  ,5,01Year10,,,,,,,,,,,,,,,,,,,,,,,,,,,,,,,,,
BRCA,ABCO-58,10/21/08 11:27,"K. Walsh, L. Brannfors, Koenig",,11,02Post,,,,,,,,,,,,,,,,,,,,,,,,,,,,,,,,,
BRCA,ABCO-58,7/27/09 15:07,,,12,02Year01,,,,,,,,,,,,,,,,,,,,,,,,,,,,,,,,,
BRCA,ABCO-58,7/21/10 14:14,,,13,02Year02,02Year02,,,,,,,,,,,,,,,,,,,,,,,,,,,,,,,,
BRCA,ABCO-58,7/9/13 11:25,,,14,02Year05,02Year05,,,,,,,,,,,,,,,,,,,,,,,,,,,,,,,,
BRCA,ABCO-58,8/25/18 15:05,"MARASCIO, BRANNFORS, MARSHALL, VAUGHAN, SUNDERLAND",,15,02Year10,,,,,,,,,,,,,,,,,,,,,,,,,,,,,,,,,
BRCA,ABCO-59,,,,,,,FMH - ABCO,,Forest,,,389316,4147732,,NAD83,0,0,11/14/06,,,,,357,0,0,0, Heading to Plot 0,"Route Description:  Feature Description:  Compass Bearing Feature to Stake: 0Distance from Feature to Stake, meters: 0",From FMH 1028 ,Subsample comments:  50m_Shrub_Tran: From FMH 1036 50m_Veg_Tran: From FMH 1049 Fuel_1: From FMH 1052 Fuel_2: From FMH 1052 Fuel_3: From FMH 1052 Fuel_4: From FMH 1052 Pole: From FMH 1043 Seedling: From FMH query 17 Tree_Q1: From FMH 1039 Tree_Q2: From FMH 1040 Tree_Q3: From FMH 1041 Tree_Q4: From FMH 1042,,,,,,,,
BRCA,ABCO-59,8/17/95,,From FMH 1029 ,0,00Pre,,,,,,,,,,,,,,,,,,,,,,,,,,,,,,,,,
BRCA,ABCO-59,10/20/95,,From FMH 1029 ,1,01Post,,,,,,,,,,,,,,,,,,,,,,,,,,,,,,,,,
BRCA,ABCO-59,7/1/96,,From FMH 1029 ,2,01Year01,,,,,,,,,,,,,,,,,,,,,,,,,,,,,,,,,
BRCA,ABCO-59,7/9/97,,From FMH 1029 ,3,01Year02,,,,,,,,,,,,,,,,,,,,,,,,,,,,,,,,,
BRCA,ABCO-59,7/20/00,,From FMH 1029 ,4,01Year05,,,,,,,,,,,,,,,,,,,,,,,,,,,,,,,,,
BRCA,ABCO-59,7/28/05,,From FMH 1029                                                                  ,5,01Year10,,,,,,,,,,,,,,,,,,,,,,,,,,,,,,,,,
BRCA,ABCO-59,10/15/08 7:47,,None of the plot burned in the 2008 Puma Rx fire.,6,01Year13,,,,,,,,,,,,,,,,,,,,,,,,,,,,,,,,,
BRCA,ABCO-59,7/28/09 15:22,,,7,01Year14,,,,,,,,,,,,,,,,,,,,,,,,,,,,,,,,,
BRCA,ABCO-59,7/21/10 14:15,,,8,01Year15,02Year02,,,,,,,,,,,,,,,,,,,,,,,,,,,,,,,,
BRCA,ABCO-59,7/10/13 8:22,,,9,01Year18,02Year05,,,,,,,,,,,,,,,,,,,,,,,,,,,,,,,,
BRCA,ABCO-60,,,,,,,FMH - ABCO,,Forest,,,389198,4148356,,NAD83,0,0,11/14/06,,,,,48,0,0,0, Heading to Plot 0,"Route Description:  Feature Description:  Compass Bearing Feature to Stake: 0Distance from Feature to Stake, meters: 0",From FMH 1028 ,Subsample comments:  50m_Shrub_Tran: From FMH 1036 50m_Veg_Tran: From FMH 1049 Fuel_1: From FMH 1052 Fuel_2: From FMH 1052 Fuel_3: From FMH 1052 Fuel_4: From FMH 1052 Pole: From FMH 1043 Seedling: From FMH query 17 Tree_Q1: From FMH 1039 Tree_Q2: From FMH 1040 Tree_Q3: From FMH 1041 Tree_Q4: From FMH 1042,,,,,,,,
BRCA,ABCO-60,8/2/95,,From FMH 1029 ,0,00Pre,,,,,,,,,,,,,,,,,,,,,,,,,,,,,,,,,
BRCA,ABCO-60,10/16/95,,From FMH 1029 ,1,01Post,,,,,,,,,,,,,,,,,,,,,,,,,,,,,,,,,
BRCA,ABCO-60,5/16/96,,From FMH 1029 ,2,01Year01,,,,,,,,,,,,,,,,,,,,,,,,,,,,,,,,,
BRCA,ABCO-60,7/8/97,,From FMH 1029 ,3,01Year02,,,,,,,,,,,,,,,,,,,,,,,,,,,,,,,,,
BRCA,ABCO-60,7/13/00,,From FMH 1029 ,4,01Year05,,,,,,,,,,,,,,,,,,,,,,,,,,,,,,,,,
BRCA,ABCO-60,7/28/05,,From FMH 1029                                                                  ,5,01Year10,,,,,,,,,,,,,,,,,,,,,,,,,,,,,,,,,
BRCA,ABCO-60,10/16/08 7:48,,,11,02Post,,,,,,,,,,,,,,,,,,,,,,,,,,,,,,,,,
BRCA,ABCO-60,8/6/09 15:51,,,12,02Year01,,,,,,,,,,,,,,,,,,,,,,,,,,,,,,,,,
BRCA,ABCO-60,7/11/10 14:16,,,13,02Year02,02Year02,,,,,,,,,,,,,,,,,,,,,,,,,,,,,,,,
BRCA,ABCO-60,7/8/13 9:07,,,14,02Year05,02Year05,,,,,,,,,,,,,,,,,,,,,,,,,,,,,,,,
BRCA,ABCO-60,8/25/18 15:15,"SUNDERLAND, BRANNFORS, MARASCIO, VAUGHN, MARSHALL",,15,02Year10,,,,,,,,,,,,,,,,,,,,,,,,,,,,,,,,,
BRCA,ABCO-61,,,,,,,FMH - ABCO,,Forest,,,389651,4148725,,NAD83,0,0,11/14/06,,,,,40,0,0,0, Heading to Plot 0,"Route Description:  Feature Description:  Compass Bearing Feature to Stake: 0Distance from Feature to Stake, meters: 0",From FMH 1028 ,Subsample comments:  50m_Shrub_Tran: From FMH 1036 50m_Veg_Tran: From FMH 1049 Fuel_1: From FMH 1052 Fuel_2: From FMH 1052 Fuel_3: From FMH 1052 Fuel_4: From FMH 1052 Pole: From FMH 1043 Seedling: From FMH query 17 Tree_Q1: From FMH 1039 Tree_Q2: From FMH 1040 Tree_Q3: From FMH 1041 Tree_Q4: From FMH 1042,,,,,,,,
BRCA,ABCO-61,8/3/95,,From FMH 1029 ,0,00Pre,,,,,,,,,,,,,,,,,,,,,,,,,,,,,,,,,
BRCA,ABCO-61,10/16/95,,From FMH 1029 ,1,01Post,,,,,,,,,,,,,,,,,,,,,,,,,,,,,,,,,
BRCA,ABCO-61,5/30/96,,From FMH 1029 ,2,01Year01,,,,,,,,,,,,,,,,,,,,,,,,,,,,,,,,,
BRCA,ABCO-61,7/8/97,,From FMH 1029 ,3,01Year02,,,,,,,,,,,,,,,,,,,,,,,,,,,,,,,,,
BRCA,ABCO-61,7/19/00,,From FMH 1029 ,4,01Year05,,,,,,,,,,,,,,,,,,,,,,,,,,,,,,,,,
BRCA,ABCO-61,7/27/05,,From FMH 1029                                                                  ,5,01Year10,,,,,,,,,,,,,,,,,,,,,,,,,,,,,,,,,
BRCA,ABCO-61,10/15/08 7:45,,This plot did not burn during the 2008 Puma Rx fire,6,01Year13,,,,,,,,,,,,,,,,,,,,,,,,,,,,,,,,,
BRCA,ABCO-61,8/7/09 15:28,"McLimons, Walsh, Eberhard, Silverman",,7,01Year14,,,,,,,,,,,,,,,,,,,,,,,,,,,,,,,,,
BRCA,ABCO-61,7/10/10 14:17,,,8,01Year15,02Year02,,,,,,,,,,,,,,,,,,,,,,,,,,,,,,,,
BRCA,ABCO-61,6/26/13 9:47,,,9,01Year18,02Year05,,,,,,,,,,,,,,,,,,,,,,,,,,,,,,,,
BRCA,ABCO-62,,,,,,,FMH - ABCO,,Forest,,,389691,4148660,,NAD83,0,0,11/14/06,,,,,183,0,0,0, Heading to Plot 0,"Route Description:  Feature Description:  Compass Bearing Feature to Stake: 0Distance from Feature to Stake, meters: 0",From FMH 1028 ,Subsample comments:  50m_Shrub_Tran: From FMH 1036 50m_Veg_Tran: From FMH 1049 Fuel_1: From FMH 1052 Fuel_2: From FMH 1052 Fuel_3: From FMH 1052 Fuel_4: From FMH 1052 Pole: From FMH 1043 Seedling: From FMH query 17 Tree_Q1: From FMH 1039 Tree_Q2: From FMH 1040 Tree_Q3: From FMH 1041 Tree_Q4: From FMH 1042,,,,,,,,
BRCA,ABCO-62,7/26/95,,From FMH 1029 ,0,00Pre,,,,,,,,,,,,,,,,,,,,,,,,,,,,,,,,,
BRCA,ABCO-62,10/24/95,,From FMH 1029 ,1,01Post,,,,,,,,,,,,,,,,,,,,,,,,,,,,,,,,,
BRCA,ABCO-62,5/30/96,,From FMH 1029 ,2,01Year01,,,,,,,,,,,,,,,,,,,,,,,,,,,,,,,,,
BRCA,ABCO-62,7/9/97,,From FMH 1029 ,3,01Year02,,,,,,,,,,,,,,,,,,,,,,,,,,,,,,,,,
BRCA,ABCO-62,7/19/00,,From FMH 1029 ,4,01Year05,,,,,,,,,,,,,,,,,,,,,,,,,,,,,,,,,
BRCA,ABCO-62,7/30/05,,From FMH 1029                                                                  ,5,01Year10,,,,,,,,,,,,,,,,,,,,,,,,,,,,,,,,,
BRCA,ABCO-62,10/15/08 7:43,,,11,02Post,,,,,,,,,,,,,,,,,,,,,,,,,,,,,,,,,
BRCA,ABCO-62,8/7/09 14:23,,,12,02Year01,,,,,,,,,,,,,,,,,,,,,,,,,,,,,,,,,
BRCA,ABCO-62,7/10/10 14:18,,,13,02Year02,02Year02,,,,,,,,,,,,,,,,,,,,,,,,,,,,,,,,
BRCA,ABCO-62,7/9/13 13:30,,,14,02Year05,02Year05,,,,,,,,,,,,,,,,,,,,,,,,,,,,,,,,
BRCA,ABCO-62,8/28/18 16:27,"MARASCIO, VAUGHAN,  MARSHALL, BRANNFORS,  SUNDERLAND",,15,02Year10,,,,,,,,,,,,,,,,,,,,,,,,,,,,,,,,,
BRCA,ABCO-63,,,,,,,FMH - ABCO,,Forest,,,390009,4148189,,NAD83,0,0,11/14/06,,,,,170,0,0,0, Heading to Plot 0,"Route Description:  Feature Description:  Compass Bearing Feature to Stake: 0Distance from Feature to Stake, meters: 0",From FMH 1028 ,Subsample comments:  50m_Shrub_Tran: From FMH 1036 50m_Veg_Tran: From FMH 1049 Fuel_1: From FMH 1052 Fuel_2: From FMH 1052 Fuel_3: From FMH 1052 Fuel_4: From FMH 1052 Pole: From FMH 1043 Seedling: From FMH query 17 Tree_Q1: From FMH 1039 Tree_Q2: From FMH 1040 Tree_Q3: From FMH 1041 Tree_Q4: From FMH 1042,,,,,,,,
BRCA,ABCO-63,7/31/95,,From FMH 1029 ,0,00Pre,,,,,,,,,,,,,,,,,,,,,,,,,,,,,,,,,
BRCA,ABCO-63,10/24/95,,From FMH 1029 ,1,01Post,,,,,,,,,,,,,,,,,,,,,,,,,,,,,,,,,
BRCA,ABCO-63,7/2/96,,From FMH 1029 ,2,01Year01,,,,,,,,,,,,,,,,,,,,,,,,,,,,,,,,,
BRCA,ABCO-63,7/9/97,,From FMH 1029 ,3,01Year02,,,,,,,,,,,,,,,,,,,,,,,,,,,,,,,,,
BRCA,ABCO-63,7/19/00,,From FMH 1029 ,4,01Year05,,,,,,,,,,,,,,,,,,,,,,,,,,,,,,,,,
BRCA,ABCO-63,8/28/05,,From FMH 1029                                                                  ,5,01Year10,,,,,,,,,,,,,,,,,,,,,,,,,,,,,,,,,
BRCA,ABCO-63,10/15/08 7:48,,,11,02Post,,,,,,,,,,,,,,,,,,,,,,,,,,,,,,,,,
BRCA,ABCO-63,7/26/09 15:22,,,12,02Year01,,,,,,,,,,,,,,,,,,,,,,,,,,,,,,,,,
BRCA,ABCO-63,7/19/10 14:18,,,13,02Year02,02Year02,,,,,,,,,,,,,,,,,,,,,,,,,,,,,,,,
BRCA,ABCO-63,6/9/13 10:47,,,14,02Year05,02Year05,,,,,,,,,,,,,,,,,,,,,,,,,,,,,,,,
BRCA,ABCO-63,8/23/18 15:32,"MARASCIO, BRANNFORS, VAUGHAN, MARSHALL",,15,02Year10,,,,,,,,,,,,,,,,,,,,,,,,,,,,,,,,,
BRCA,ABCO-64,,,,,,,FMH - ABCO,,Forest,,,389723,4147979,,NAD83,0,0,11/14/06,,,,,190,0,0,0, Heading to Plot 0,"Route Description:  Feature Description:  Compass Bearing Feature to Stake: 0Distance from Feature to Stake, meters: 0",From FMH 1028 ,Subsample comments:  50m_Shrub_Tran: From FMH 1036 50m_Veg_Tran: From FMH 1049 Fuel_1: From FMH 1052 Fuel_2: From FMH 1052 Fuel_3: From FMH 1052 Fuel_4: From FMH 1052 Pole: From FMH 1043 Seedling: From FMH query 17 Tree_Q1: From FMH 1039 Tree_Q2: From FMH 1040 Tree_Q3: From FMH 1041 Tree_Q4: From FMH 1042,,,,,,,,
BRCA,ABCO-64,8/7/95,,From FMH 1029 ,0,00Pre,,,,,,,,,,,,,,,,,,,,,,,,,,,,,,,,,
BRCA,ABCO-64,10/18/95,,From FMH 1029 ,1,01Post,,,,,,,,,,,,,,,,,,,,,,,,,,,,,,,,,
BRCA,ABCO-64,7/3/96,,From FMH 1029 ,2,01Year01,,,,,,,,,,,,,,,,,,,,,,,,,,,,,,,,,
BRCA,ABCO-64,7/9/97,,From FMH 1029 ,3,01Year02,,,,,,,,,,,,,,,,,,,,,,,,,,,,,,,,,
BRCA,ABCO-64,7/20/00,,From FMH 1029 ,4,01Year05,,,,,,,,,,,,,,,,,,,,,,,,,,,,,,,,,
BRCA,ABCO-64,7/31/05,,From FMH 1029                                                                  ,5,01Year10,,,,,,,,,,,,,,,,,,,,,,,,,,,,,,,,,
BRCA,ABCO-64,10/15/08 7:47,,,6,01Year13,,,,,,,,,,,,,,,,,,,,,,,,,,,,,,,,,
BRCA,ABCO-64,7/26/09 14:54,,,7,01Year14,,,,,,,,,,,,,,,,,,,,,,,,,,,,,,,,,
BRCA,ABCO-64,7/20/10 14:19,,,8,01Year15,02Year02,,,,,,,,,,,,,,,,,,,,,,,,,,,,,,,,
BRCA,ABCO-64,6/9/13 8:31,,,9,01Year18,02Year05,,,,,,,,,,,,,,,,,,,,,,,,,,,,,,,,
BRCA,ABCO-65,,,,,,,FMH - ABCO,,Forest,,,390248,4148212,,NAD83,0,0,11/14/06,,,,,101,0,0,0, Heading to Plot 0,"Route Description:  Feature Description:  Compass Bearing Feature to Stake: 0Distance from Feature to Stake, meters: 0",From FMH 1028 ,Subsample comments:  50m_Shrub_Tran: From FMH 1036 50m_Veg_Tran: From FMH 1049 Fuel_1: From FMH 1052 Fuel_2: From FMH 1052 Fuel_3: From FMH 1052 Fuel_4: From FMH 1052 Pole: From FMH 1043 Seedling: From FMH query 17 Tree_Q1: From FMH 1039 Tree_Q2: From FMH 1040 Tree_Q3: From FMH 1041 Tree_Q4: From FMH 1042,,,,,,,,
BRCA,ABCO-65,7/13/95,,From FMH 1029 ,16,00PR01,00PR01,,,,,,,,,,,,,,,,,,,,,,,,,,,,,,,,
BRCA,ABCO-65,7/14/00,,From FMH 1029 ,17,00PR02,00PR02,,,,,,,,,,,,,,,,,,,,,,,,,,,,,,,,
BRCA,ABCO-65,7/30/05,,From FMH 1029                                                                  ,0,00Pre,,,,,,,,,,,,,,,,,,,,,,,,,,,,,,,,,
BRCA,ABCO-65,10/15/08 7:46,,,1,01Post,,,,,,,,,,,,,,,,,,,,,,,,,,,,,,,,,
BRCA,ABCO-65,7/26/09 15:24,,,2,01Year01,,,,,,,,,,,,,,,,,,,,,,,,,,,,,,,,,
BRCA,ABCO-65,7/9/10 14:20,,,3,01Year02,01Year2,,,,,,,,,,,,,,,,,,,,,,,,,,,,,,,,
BRCA,ABCO-65,6/8/13 11:45,,,4,01Year05,01Year05,,,,,,,,,,,,,,,,,,,,,,,,,,,,,,,,
BRCA,ABCO-66,,,,,,,FMH - ABCO,,Forest,,,388370,4148602,,NAD83,0,0,11/14/06,,,,,320,0,0,0, Heading to Plot 0,"Route Description:  Feature Description:  Compass Bearing Feature to Stake: 0Distance from Feature to Stake, meters: 0",From FMH 1028 ,Subsample comments:  50m_Shrub_Tran: From FMH 1036 50m_Veg_Tran: From FMH 1049 Fuel_1: From FMH 1052 Fuel_2: From FMH 1052 Fuel_3: From FMH 1052 Fuel_4: From FMH 1052 Pole: From FMH 1043 Seedling: From FMH query 17 Tree_Q1: From FMH 1039 Tree_Q2: From FMH 1040 Tree_Q3: From FMH 1041 Tree_Q4: From FMH 1042,,,,,,,,
BRCA,ABCO-66,8/29/95,,From FMH 1029 ,16,00PR01,,,,,,,,,,,,,,,,,,,,,,,,,,,,,,,,,
BRCA,ABCO-66,7/14/00,,From FMH 1029 ,17,00PR02,,,,,,,,,,,,,,,,,,,,,,,,,,,,,,,,,
BRCA,ABCO-66,7/21/06 15:11,,,0,00Pre,00Pre,,,,,,,,,,,,,,,,,,,,,,,,,,,,,,,,
BRCA,ABCO-66,10/16/08 7:49,,,1,01Post,,,,,,,,,,,,,,,,,,,,,,,,,,,,,,,,,
BRCA,ABCO-66,7/28/09 15:13,,,2,01Year01,,,,,,,,,,,,,,,,,,,,,,,,,,,,,,,,,
BRCA,ABCO-66,7/20/10 14:24,,,3,01Year02,01Year2,,,,,,,,,,,,,,,,,,,,,,,,,,,,,,,,
BRCA,ABCO-66,7/9/13 16:44,,,4,01Year05,01Year05,,,,,,,,,,,,,,,,,,,,,,,,,,,,,,,,
BRCA,ABCO-66,8/24/18 15:46,"MARASCIO, BRANNFORS, MARSHALL, VAUGHAN, SUNDERLAND",,5,01Year10,,,,,,,,,,,,,,,,,,,,,,,,,,,,,,,,,
BRCA,ABCO-77,,,,,,,FMH - ABCO,,Forest,,,387927,4152675,,NAD83,0,0,11/14/06,,,,,103,0,0,0, Heading to Plot 0,"Route Description:  Feature Description:  Compass Bearing Feature to Stake: 0Distance from Feature to Stake, meters: 0",From FMH 1028 ,Subsample comments:  50m_Shrub_Tran: From FMH 1036 50m_Veg_Tran: From FMH 1049 Fuel_1: From FMH 1052 Fuel_2: From FMH 1052 Fuel_3: From FMH 1052 Fuel_4: From FMH 1052 Pole: From FMH 1043 Seedling: From FMH query 17 Tree_Q1: From FMH 1039 Tree_Q2: From FMH 1040 Tree_Q3: From FMH 1041 Tree_Q4: From FMH 1042,,,,,,,,
BRCA,ABCO-77,8/8/01,,From FMH 1029                                                                  ,16,00PR01,,,,,,,,,,,,,,,,,,,,,,,,,,,,,,,,,
BRCA,ABCO-77,7/20/06,,From FMH 1029                                                                  ,0,00Pre,,,,,,,,,,,,,,,,,,,,,,,,,,,,,,,,,
BRCA,ABCO-77,10/21/08 11:51,"K. Walsh, Koenig",,1,01Post,,,,,,,,,,,,,,,,,,,,,,,,,,,,,,,,,
BRCA,ABCO-77,8/8/09 7:59,,,2,01Year01,,,,,,,,,,,,,,,,,,,,,,,,,,,,,,,,,
BRCA,ABCO-77,7/9/10 14:26,,,3,01Year02,01Year2,,,,,,,,,,,,,,,,,,,,,,,,,,,,,,,,
BRCA,ABCO-77,6/8/13 10:21,,,4,01Year05,01Year05,,,,,,,,,,,,,,,,,,,,,,,,,,,,,,,,
BRCA,ABCO-77,8/27/18 17:09,"MARASCIO, BRANNFORS, MARSHALL, VAUGHAN, SPROUSE",,5,01Year10,,,,,,,,,,,,,,,,,,,,,,,,,,,,,,,,,
BRCA,ABCO-78,,,,,,,FMH - ABCO,Bastian/Crow,Forest,,,388083,4150855,,,0,0,8/8/01,,,,,48,0,0,0,Main Park Road Heading to Plot 237,"Route Description: On Main Park Road, drive Southbound to a ""T"" post on curve.  The T post is approx. 20' from the shoulder near the apex of the curve, 0.6 miles from Black Birch Canyon Viewpoint, and 0.3 miles from Ponderosa Point Viewpoint.  It's on the",From FMH 1028 ,Subsample comments:  50m_Shrub_Tran: From FMH 1036 50m_Veg_Tran: From FMH 1049 Fuel_1: From FMH 1052 Fuel_2: From FMH 1052 Fuel_3: From FMH 1052 Fuel_4: From FMH 1052 Pole: From FMH 1043 Seedling: From FMH query 17 Tree_Q1: From FMH 1039 Tree_Q2: From FMH 1040 Tree_Q3: From FMH 1041 Tree_Q4: From FMH 1042,,,,,,,,
BRCA,ABCO-78,8/9/01,,From FMH 1029                                                                  ,16,00PR01,,,,,,,,,,,,,,,,,,,,,,,,,,,,,,,,,
BRCA,ABCO-78,7/20/06,,From FMH 1029                                                                  ,0,00Pre,,,,,,,,,,,,,,,,,,,,,,,,,,,,,,,,,
BRCA,ABCO-78,10/20/08 11:54,GRCA folks,,1,01Post,,,,,,,,,,,,,,,,,,,,,,,,,,,,,,,,,
BRCA,ABCO-78,8/9/09 14:58,,,2,01Year01,,,,,,,,,,,,,,,,,,,,,,,,,,,,,,,,,
BRCA,ABCO-78,7/21/10 14:25,,,3,01Year02,01Year2,,,,,,,,,,,,,,,,,,,,,,,,,,,,,,,,
BRCA,ABCO-78,6/26/13 13:09,,,4,01Year05,01Year05,,,,,,,,,,,,,,,,,,,,,,,,,,,,,,,,
BRCA,ABCO-78,8/28/18 17:17,"MARASCIO, BRANNFORS, MARSHALL, VAUGHAN, SUNDERLAND",,5,01Year10,,,,,,,,,,,,,,,,,,,,,,,,,,,,,,,,,
BRCA,ARNO-01,,,,,,,,,Shrubland,,,395232,4162745,,NAD83,0,0,11/14/06,,,,,0,0,0,0, Heading to Plot 0,"Route Description:  Feature Description:  Compass Bearing Feature to Stake: 0Distance from Feature to Stake, meters: 0",From FMH 1028 ,Subsample comments:  30m_Shrub_Tran: From FMH 1035 30m_Veg_Tran: From FMH 1048,,,,,,,,
BRCA,ARNO-01,,,,,,,FMH - ARNO,,Shrubland,,,395232,4162745,,NAD83,0,0,6/13/01,,,,,5,0,0,0,Main Park Road Heading to Plot 0,"Route Description: Drive 1.1 miles south of Inspiration Point junction on Main Park Road (Hwy 63) and park.  If you reach the picnic area on the West side of the road, you've gone too far... turn around and drive 0.7 miles northbound from the picnic area.",From FMH 1028 ,Subsample comments:  30m_Shrub_Tran: From FMH 1035 30m_Veg_Tran: From FMH 1048,,,,,,,,
BRCA,ARNO-01,8/23/90,,From FMH 1029 inactive,,,,,,,,,,,,,,,,,,,,,,,,,,,,,,,,,,,
BRCA,ARNO-01,6/13/01,,From FMH 1029                                                                  ,0,00Pre,00Pre,,,,,,,,,,,,,,,,,,,,,,,,,,,,,,,,
BRCA,ARNO-01,5/14/02,,From FMH 1029                                                                  ,1,01Post,01Post,,,,,,,,,,,,,,,,,,,,,,,,,,,,,,,,
BRCA,ARNO-01,7/14/03,,From FMH 1029                                                                  ,2,01Year01,,,,,,,,,,,,,,,,,,,,,,,,,,,,,,,,,
BRCA,ARNO-01,7/7/04,,From FMH 1029                                                                  ,3,01Year02,,,,,,,,,,,,,,,,,,,,,,,,,,,,,,,,,
BRCA,ARNO-01,6/13/07 15:06,"Johnson, McHenry, Muff, Faist",,4,01Year05,,,,,,,,,,,,,,,,,,,,,,,,,,,,,,,,,
BRCA,ARNO-01,7/24/12 10:29,,,5,01Year10,01Year10,,,,,,,,,,,,,,,,,,,,,,,,,,,,,,,,
BRCA,ARNO-01,7/19/17 9:53,,,6,01Year15,,,,,,,,,,,,,,,,,,,,,,,,,,,,,,,,,
BRCA,ARNO-02,,,,,,,,,Shrubland,,,396049,4163356,,NAD83,0,0,11/14/06,,,,,0,0,0,0, Heading to Plot 0,"Route Description:  Feature Description:  Compass Bearing Feature to Stake: 0Distance from Feature to Stake, meters: 0",From FMH 1028 ,Subsample comments:  30m_Shrub_Tran: From FMH 1035 30m_Veg_Tran: From FMH 1048,,,,,,,,
BRCA,ARNO-02,,,,,,,FMH - ARNO,Crow/Hentcelt,Shrubland,,,396049,4163356,,NAD83,0,0,6/13/01,,,,,55,0,2,0,Main Park Road Heading to Plot 0,"Route Description: From 0P of BARNO #3, walk 7.5 chains at 44 degrees to BARNO #2.  30P of BARNO #2 is 3 chains at 138 degrees from the southernmost overstory pine in the meadow.  This tree is 11.5 chains from the Main Park Road. Feature Description:  Com",From FMH 1028 ,Subsample comments:  30m_Shrub_Tran: From FMH 1035 30m_Veg_Tran: From FMH 1048,,,,,,,,
BRCA,ARNO-02,8/24/90,,From FMH 1029 inactive,,,,,,,,,,,,,,,,,,,,,,,,,,,,,,,,,,,
BRCA,ARNO-02,6/13/01,,From FMH 1029                                                                  ,0,00Pre,,,,,,,,,,,,,,,,,,,,,,,,,,,,,,,,,
BRCA,ARNO-02,9/25/01,,From FMH 1029                                                                  ,1,01Post,,,,,,,,,,,,,,,,,,,,,,,,,,,,,,,,,
BRCA,ARNO-02,7/30/02,,From FMH 1029                                                                  ,2,01Year01,,,,,,,,,,,,,,,,,,,,,,,,,,,,,,,,,
BRCA,ARNO-02,7/14/03,,From FMH 1029                                                                  ,3,01Year02,,,,,,,,,,,,,,,,,,,,,,,,,,,,,,,,,
BRCA,ARNO-02,6/19/06,,From FMH 1029                                                                  ,4,01Year05,,,,,,,,,,,,,,,,,,,,,,,,,,,,,,,,,
BRCA,ARNO-02,7/5/11 11:40,,,5,01Year10,01Year10,,,,,,,,,,,,,,,,,,,,,,,,,,,,,,,,
BRCA,ARNO-02,7/6/16 14:08,,,6,01Year15,,,,,,,,,,,,,,,,,,,,,,,,,,,,,,,,,
BRCA,ARNO-03,,,,,,,FMH - ARNO,Brian Raper,Shrubland,,,394285,4163283,,NAD83,0,0,6/13/01,,,,,3,0,0,0,Main Park Road Heading to Plot 76,"Route Description: Southbound on Main Park Road from park entrance, drive to culvert on E. side of road 0.6 miles south of Inspiration Point junction and 1.2 miles north of picnic area.  Park near culvert and walk 8.5 chains at 103 degrees to 0P.  Feature",From FMH 1028 ,Subsample comments:  30m_Shrub_Tran: From FMH 1035 30m_Veg_Tran: From FMH 1048,,,,,,,,
BRCA,ARNO-03,,,,,,,,,Shrubland,,,395934,4163241,,NAD83,0,0,11/14/06,,,,,0,0,0,0, Heading to Plot 0,"Route Description:  Feature Description:  Compass Bearing Feature to Stake: 0Distance from Feature to Stake, meters: 0",From FMH 1028 ,Subsample comments:  30m_Shrub_Tran: From FMH 1035 30m_Veg_Tran: From FMH 1048,,,,,,,,
BRCA,ARNO-03,8/24/90,,From FMH 1029 inactive,,,,,,,,,,,,,,,,,,,,,,,,,,,,,,,,,,,
BRCA,ARNO-03,6/13/01,,From FMH 1029                                                                  ,0,00Pre,,,,,,,,,,,,,,,,,,,,,,,,,,,,,,,,,
BRCA,ARNO-03,9/23/01,,From FMH 1029                                                                  ,1,01Post,,,,,,,,,,,,,,,,,,,,,,,,,,,,,,,,,
BRCA,ARNO-03,7/30/02,,From FMH 1029                                                                  ,2,01Year01,,,,,,,,,,,,,,,,,,,,,,,,,,,,,,,,,
BRCA,ARNO-03,7/14/03,,From FMH 1029                                                                  ,3,01Year02,,,,,,,,,,,,,,,,,,,,,,,,,,,,,,,,,
BRCA,ARNO-03,6/21/06,,From FMH 1029                                                                  ,4,01Year05,,,,,,,,,,,,,,,,,,,,,,,,,,,,,,,,,
BRCA,ARNO-03,7/5/11 13:25,,,5,01Year10,01Year10,,,,,,,,,,,,,,,,,,,,,,,,,,,,,,,,
BRCA,ARNO-03,7/6/16 14:35,,,6,01Year15,,,,,,,,,,,,,,,,,,,,,,,,,,,,,,,,,
BRCA,ARNO-04,,,,,,,FMH - ARNO,"Johnson, Faist, Muff",Shrubland,,,394285,4163287,,,0,0,5/17/07 16:05,,,,,1,,0,7,,,"May 9, 2007 Plot installed and brush belt read",Subsample comments:  30m_Shrub_Tran:  30m_Veg_Tran: ,,,,,,,,
BRCA,ARNO-04,5/9/07 16:08,"Johnson, Faist, Muff","Plot was installed and brush belt was read on May 9, 2007.",7,00PR01,00PR01,,,,,,,,,,,,,,,,,,,,,,,,,,,,,,,,
BRCA,ARNO-04,6/9/07 11:19,"Johnson, Muff, McHenry, Faist",,8,00PR02,00PR02,,,,,,,,,,,,,,,,,,,,,,,,,,,,,,,,
BRCA,ARNO-04,7/12/08 8:26,,,9,00PR03,00PR03,,,,,,,,,,,,,,,,,,,,,,,,,,,,,,,,
BRCA,ARNO-04,7/25/09 10:03,,,10,00PR04,00PR04,,,,,,,,,,,,,,,,,,,,,,,,,,,,,,,,
BRCA,ARNO-04,7/25/12 9:16,,,0,00Pre,01Year05,,,,,,,,,,,,,,,,,,,,,,,,,,,,,,,,
BRCA,ARNO-04C,,,,,,,,,Shrubland,,,0,0,,,0,0,11/14/06,,,,,0,0,0,0, Heading to Plot 0,"Route Description:  Feature Description:  Compass Bearing Feature to Stake: 0Distance from Feature to Stake, meters: 0",From FMH 1028 ,Subsample comments:  30m_Shrub_Tran: From FMH 1035 30m_Veg_Tran: From FMH 1048,,,,,,,,
BRCA,ARNO-04C,8/24/90,,From FMH 1029 inactive,,,,,,,,,,,,,,,,,,,,,,,,,,,,,,,,,,,
BRCA,ARNO-05,,,,,,,FMH - ARNO,"Johnson, Faist, Muff",Shrubland,,,394811,4163021,,,0,0,5/18/07 9:49,,,,,211,,0,7,,,"May 10, 2007 Plot installed and brush belt read",Subsample comments:  30m_Shrub_Tran:  30m_Veg_Tran: ,,,,,,,,
BRCA,ARNO-05,5/9/07 10:35,"Johnson, Muff, Faist","Plot installation- plot read was complete on June 9, 2007",0,00Pre,,,,,,,,,,,,,,,,,,,,,,,,,,,,,,,,,
BRCA,ARNO-05,6/13/07 14:56,"McHenry, Faist, Muff, Johnson, Paisley",,1,01Post,Post01,,,,,,,,,,,,,,,,,,,,,,,,,,,,,,,,
BRCA,ARNO-05,7/12/08 17:19,,,2,01Year01,,,,,,,,,,,,,,,,,,,,,,,,,,,,,,,,,
BRCA,ARNO-05,7/25/09 10:06,,,3,01Year02,01Year02,,,,,,,,,,,,,,,,,,,,,,,,,,,,,,,,
BRCA,ARNO-05,7/24/12 9:16,,,4,01Year05,01Year05,,,,,,,,,,,,,,,,,,,,,,,,,,,,,,,,
BRCA,ARNO-05,7/19/17 10:29,,,5,01Year10,,,,,,,,,,,,,,,,,,,,,,,,,,,,,,,,,
BRCA,ARNO-05C,,,,,,,,,Shrubland,,,0,0,,,0,0,11/14/06,,,,,0,0,0,0, Heading to Plot 0,"Route Description:  Feature Description:  Compass Bearing Feature to Stake: 0Distance from Feature to Stake, meters: 0",From FMH 1028 ,Subsample comments:  30m_Shrub_Tran: From FMH 1035 30m_Veg_Tran: From FMH 1048,,,,,,,,
BRCA,ARNO-05C,8/24/90,,From FMH 1029 inactive,,,,,,,,,,,,,,,,,,,,,,,,,,,,,,,,,,,
BRCA,ARNO-06,,,,,,,FMH - ARNO,"Johnson, Muff, Faist",Shrubland,,,394521,4163103,,,0,0,5/18/07 10:01,,,,,315,,0,7,,,"May 10, 2007 Plot installed and brush belt read",Subsample comments:  30m_Shrub_Tran:  30m_Veg_Tran: ,,,,,,,,
BRCA,ARNO-06,5/10/07 11:25,"Johnson, Faist, Muff",,0,00Pre,,,,,,,,,,,,,,,,,,,,,,,,,,,,,,,,,
BRCA,ARNO-06,6/9/07 11:26,"Johnson, Faist, Muff, McHenry",,1,01Post,,,,,,,,,,,,,,,,,,,,,,,,,,,,,,,,,
BRCA,ARNO-06,7/12/08 17:19,,,2,01Year01,,,,,,,,,,,,,,,,,,,,,,,,,,,,,,,,,
BRCA,ARNO-06,7/25/09 10:06,,,3,01Year02,01Year02,,,,,,,,,,,,,,,,,,,,,,,,,,,,,,,,
BRCA,ARNO-06,7/24/12 9:14,,,4,01Year05,01Year05,,,,,,,,,,,,,,,,,,,,,,,,,,,,,,,,
BRCA,ARNO-06,7/19/17 10:56,,,5,01Year10,,,,,,,,,,,,,,,,,,,,,,,,,,,,,,,,,
BRCA,ARNO-06C,,,,,,,,,Shrubland,,,0,0,,,0,0,11/14/06,,,,,0,0,0,0, Heading to Plot 0,"Route Description:  Feature Description:  Compass Bearing Feature to Stake: 0Distance from Feature to Stake, meters: 0",From FMH 1028 ,Subsample comments:  30m_Shrub_Tran: From FMH 1035 30m_Veg_Tran: From FMH 1048,,,,,,,,
BRCA,ARNO-06C,8/24/90,,From FMH 1029 inactive,,,,,,,,,,,,,,,,,,,,,,,,,,,,,,,,,,,
BRCA,ARNO-07,,,,,,,FMH - ARNO,"Faist, Muff, Johnson",Shrubland,,,393748,4163331,,NAD83,0,0,5/18/07 10:03,,,,,133,,0,2,,,"May 10, 2007 Plot installed and brush belt read",Subsample comments:  30m_Shrub_Tran:  30m_Veg_Tran: ,,,,,,,,
BRCA,ARNO-07,5/10/07 15:23,"Johnson, Muff, Faist",,0,00Pre,,,,,,,,,,,,,,,,,,,,,,,,,,,,,,,,,
BRCA,ARNO-07,6/9/07 15:24,"Johnson, Faist, McHenry, Muff",,1,01Post,,,,,,,,,,,,,,,,,,,,,,,,,,,,,,,,,
BRCA,ARNO-07,7/12/08 17:18,,,2,01Year01,,,,,,,,,,,,,,,,,,,,,,,,,,,,,,,,,
BRCA,ARNO-07,7/25/09 10:05,,,3,01Year02,01Year02,,,,,,,,,,,,,,,,,,,,,,,,,,,,,,,,
BRCA,ARNO-07,7/25/12 9:15,,,4,01Year05,01Year05,,,,,,,,,,,,,,,,,,,,,,,,,,,,,,,,
BRCA,ARNO-07,7/19/17 11:31,,,5,01Year10,,,,,,,,,,,,,,,,,,,,,,,,,,,,,,,,,
BRCA,Circle001,,,,,,,RAP - Daves Hollow,,RA,,,396888,4166837,12S,NAD83,,,,,,,,,,,,,,,,,,,,,,,
BRCA,Circle001,5/5/09 22:31,,,0,00Pre,00Pre,,,,,,,,,,,,,,,,,,,,,,,,,,,,,,,,
BRCA,Circle001,9/29/10 16:01,,,1,01Post,01Post,,,,,,,,,,,,,,,,,,,,,,,,,,,,,,,,
BRCA,Circle001,7/25/11 12:44,,,2,01Year01,01Year01,,,,,,,,,,,,,,,,,,,,,,,,,,,,,,,,
BRCA,Circle001,7/23/12 16:04,,,3,01Year02,01Year02,,,,,,,,,,,,,,,,,,,,,,,,,,,,,,,,
BRCA,Circle002,,,,,,,RAP - Daves Hollow,,RA,,,396980,4167183,12S,NAD83,,,,,,,,,,,,,,,,,,,,,,,
BRCA,Circle002,5/29/09 22:31,,,0,00Pre,01Pre,,,,,,,,,,,,,,,,,,,,,,,,,,,,,,,,
BRCA,Circle002,9/29/10 16:04,,,1,01Post,01Post,,,,,,,,,,,,,,,,,,,,,,,,,,,,,,,,
BRCA,Circle002,7/25/11 13:03,,,2,01Year01,Year1,,,,,,,,,,,,,,,,,,,,,,,,,,,,,,,,
BRCA,Circle002,7/23/12 16:09,,,3,01Year02,,,,,,,,,,,,,,,,,,,,,,,,,,,,,,,,,
BRCA,Circle002,8/24/15 11:14,,,4,01Year05,01Year05,,,,,,,,,,,,,,,,,,,,,,,,,,,,,,,,
BRCA,Circle003,,,,,,,RAP - Daves Hollow,,RA,,,397247,4167911,12S,NAD83,,,,,,,,,,,,,,,,,,,,,,,
BRCA,Circle003,5/5/09 22:31,,,0,00Pre,01Pre,,,,,,,,,,,,,,,,,,,,,,,,,,,,,,,,
BRCA,Circle003,9/29/10 16:04,,,1,01Post,01Post,,,,,,,,,,,,,,,,,,,,,,,,,,,,,,,,
BRCA,Circle003,7/25/11 13:12,,,2,01Year01,Year1,,,,,,,,,,,,,,,,,,,,,,,,,,,,,,,,
BRCA,Circle003,7/23/12 16:10,,,3,01Year02,,,,,,,,,,,,,,,,,,,,,,,,,,,,,,,,,
BRCA,Circle003,8/24/15 11:15,,,4,01Year05,01Year05,,,,,,,,,,,,,,,,,,,,,,,,,,,,,,,,
BRCA,Circle004,,,,,,,RAP - Daves Hollow,,RA,,,397179,4167537,12S,NAD83,,,,,,,,,,,,,,,,,,,,,,,
BRCA,Circle004,5/5/09 22:31,,,0,00Pre,01Pre,,,,,,,,,,,,,,,,,,,,,,,,,,,,,,,,
BRCA,Circle004,9/29/10 16:05,,,1,01Post,01Post,,,,,,,,,,,,,,,,,,,,,,,,,,,,,,,,
BRCA,Circle004,7/25/11 13:17,,,2,01Year01,01Post,,,,,,,,,,,,,,,,,,,,,,,,,,,,,,,,
BRCA,Circle004,7/23/12 16:10,,,3,01Year02,,,,,,,,,,,,,,,,,,,,,,,,,,,,,,,,,
BRCA,Circle004,8/24/15 11:16,,,4,01Year05,01Year05,,,,,,,,,,,,,,,,,,,,,,,,,,,,,,,,
BRCA,Circle005,,,,,,,RAP - Daves Hollow,,RA,,,396858,4167628,12S,NAD83,,,,,,,,,,,,,,,,,,,,,,,
BRCA,Circle005,5/5/09 22:31,,,0,00Pre,01Pre,,,,,,,,,,,,,,,,,,,,,,,,,,,,,,,,
BRCA,Circle005,9/29/10 16:05,,,1,01Post,01Post,,,,,,,,,,,,,,,,,,,,,,,,,,,,,,,,
BRCA,Circle005,7/25/11 13:22,,,2,01Year01,Year1,,,,,,,,,,,,,,,,,,,,,,,,,,,,,,,,
BRCA,Circle005,7/23/12 16:11,,,3,01Year02,,,,,,,,,,,,,,,,,,,,,,,,,,,,,,,,,
BRCA,Circle005,8/24/15 11:17,,,4,01Year05,01Year05,,,,,,,,,,,,,,,,,,,,,,,,,,,,,,,,
BRCA,Circle006,,,,,,,RAP - Daves Hollow,,RA,,,396634,4167515,12S,NAD83,,,,,,,,,,,,,,,,,,,,,,,
BRCA,Circle006,5/5/09 22:31,,,0,00Pre,01Pre,,,,,,,,,,,,,,,,,,,,,,,,,,,,,,,,
BRCA,Circle006,9/29/10 16:06,,,1,01Post,01Post,,,,,,,,,,,,,,,,,,,,,,,,,,,,,,,,
BRCA,Circle006,7/25/11 13:34,,,2,01Year01,Year1,,,,,,,,,,,,,,,,,,,,,,,,,,,,,,,,
BRCA,Circle006,7/23/12 16:12,,,3,01Year02,,,,,,,,,,,,,,,,,,,,,,,,,,,,,,,,,
BRCA,Circle006,8/24/15 11:17,,,4,01Year05,01Year05,,,,,,,,,,,,,,,,,,,,,,,,,,,,,,,,
BRCA,Circle007,,,,,,,RAP - Daves Hollow,,RA,,,397318,4168007,12S,NAD83,,,,,,,,,,,,,,,,,,,,,,,
BRCA,Circle007,5/5/09 22:31,,,0,00Pre,01Pre,,,,,,,,,,,,,,,,,,,,,,,,,,,,,,,,
BRCA,Circle007,9/29/10 16:06,,,1,01Post,01Post,,,,,,,,,,,,,,,,,,,,,,,,,,,,,,,,
BRCA,Circle007,7/25/11 13:43,,,2,01Year01,Year1,,,,,,,,,,,,,,,,,,,,,,,,,,,,,,,,
BRCA,Circle007,7/23/12 16:12,,,3,01Year02,,,,,,,,,,,,,,,,,,,,,,,,,,,,,,,,,
BRCA,Circle007,8/24/15 11:18,,,4,01Year05,01Year05,,,,,,,,,,,,,,,,,,,,,,,,,,,,,,,,
BRCA,Circle008,,,,,,,RAP - Daves Hollow,,RA,,,396489,4167541,12S,NAD83,,,,,,,,,,,,,,,,,,,,,,,
BRCA,Circle008,5/5/09 22:31,,,0,00Pre,01Pre,,,,,,,,,,,,,,,,,,,,,,,,,,,,,,,,
BRCA,Circle008,9/29/10 16:06,,,1,01Post,01Post,,,,,,,,,,,,,,,,,,,,,,,,,,,,,,,,
BRCA,Circle008,7/25/11 13:49,,,2,01Year01,Year1,,,,,,,,,,,,,,,,,,,,,,,,,,,,,,,,
BRCA,Circle008,7/23/12 16:12,,,3,01Year02,,,,,,,,,,,,,,,,,,,,,,,,,,,,,,,,,
BRCA,Circle008,8/24/15 11:18,,,4,01Year05,01Year05,,,,,,,,,,,,,,,,,,,,,,,,,,,,,,,,
BRCA,Circle009,,,,,,,RAP - Daves Hollow,,RA,,,396939,4167200,12S,NAD83,,,,,,,,,,,,,,,,,,,,,,,
BRCA,Circle009,5/5/09 22:31,,,0,00Pre,01Pre,,,,,,,,,,,,,,,,,,,,,,,,,,,,,,,,
BRCA,Circle009,9/29/10 16:07,,,1,01Post,01Post,,,,,,,,,,,,,,,,,,,,,,,,,,,,,,,,
BRCA,Circle009,7/25/11 13:58,,,2,01Year01,Year1,,,,,,,,,,,,,,,,,,,,,,,,,,,,,,,,
BRCA,Circle009,7/23/12 8:45,,,3,01Year02,,,,,,,,,,,,,,,,,,,,,,,,,,,,,,,,,
BRCA,Circle009,8/24/15 11:19,,,4,01Year05,01Year05,,,,,,,,,,,,,,,,,,,,,,,,,,,,,,,,
BRCA,Circle010,,,,,,,RAP - Daves Hollow,,RA,,,396684,4167339,12S,NAD83,,,,,,,,,,,,,,,,,,,,,,,
BRCA,Circle010,5/5/09 22:31,,,0,00Pre,01Pre,,,,,,,,,,,,,,,,,,,,,,,,,,,,,,,,
BRCA,Circle010,9/29/10 16:08,,,1,01Post,01Post,,,,,,,,,,,,,,,,,,,,,,,,,,,,,,,,
BRCA,Circle010,7/25/11 14:05,,,2,01Year01,Year1,,,,,,,,,,,,,,,,,,,,,,,,,,,,,,,,
BRCA,Circle010,7/24/12 8:43,,,3,01Year02,,,,,,,,,,,,,,,,,,,,,,,,,,,,,,,,,
BRCA,Circle010,8/24/15 11:20,,,4,01Year05,01Year05,,,,,,,,,,,,,,,,,,,,,,,,,,,,,,,,
BRCA,Circle011,,,,,,,RAP - Daves Hollow,,RA,,,397054,4167235,12S,NAD83,,,,,,,,,,,,,,,,,,,,,,,
BRCA,Circle011,5/6/09 22:31,,,0,00Pre,01Pre,,,,,,,,,,,,,,,,,,,,,,,,,,,,,,,,
BRCA,Circle011,9/29/10 16:08,,,1,01Post,01Post,,,,,,,,,,,,,,,,,,,,,,,,,,,,,,,,
BRCA,Circle011,7/25/11 14:17,,,2,01Year01,Year1,,,,,,,,,,,,,,,,,,,,,,,,,,,,,,,,
BRCA,Circle011,7/23/12 8:46,,,3,01Year02,,,,,,,,,,,,,,,,,,,,,,,,,,,,,,,,,
BRCA,Circle011,8/24/15 11:20,,,4,01Year05,01Year05,,,,,,,,,,,,,,,,,,,,,,,,,,,,,,,,
BRCA,Circle012,,,,,,,RAP - Daves Hollow,,RA,,,397148,4167675,12S,NAD83,,,,,,,,,,,,,,,,,,,,,,,
BRCA,Circle012,5/6/09 22:31,,,0,00Pre,01Pre,,,,,,,,,,,,,,,,,,,,,,,,,,,,,,,,
BRCA,Circle012,9/29/10 16:08,,,1,01Post,01Post,,,,,,,,,,,,,,,,,,,,,,,,,,,,,,,,
BRCA,Circle012,7/25/11 14:26,,,2,01Year01,Year1,,,,,,,,,,,,,,,,,,,,,,,,,,,,,,,,
BRCA,Circle012,7/23/12 8:46,,,3,01Year02,,,,,,,,,,,,,,,,,,,,,,,,,,,,,,,,,
BRCA,Circle012,8/24/15 11:20,,,4,01Year05,01Year05,,,,,,,,,,,,,,,,,,,,,,,,,,,,,,,,
BRCA,Circle013,,,,,,,RAP - Daves Hollow,,RA,,,397334,4168201,12S,NAD83,,,,,,,,,,,,,,,,,,,,,,,
BRCA,Circle013,5/6/09 22:31,,,0,00Pre,01Pre,,,,,,,,,,,,,,,,,,,,,,,,,,,,,,,,
BRCA,Circle013,9/29/10 16:09,,,1,01Post,01Post,,,,,,,,,,,,,,,,,,,,,,,,,,,,,,,,
BRCA,Circle013,7/25/11 14:32,,,2,01Year01,Year1,,,,,,,,,,,,,,,,,,,,,,,,,,,,,,,,
BRCA,Circle013,7/23/12 8:46,,,3,01Year02,,,,,,,,,,,,,,,,,,,,,,,,,,,,,,,,,
BRCA,Circle013,8/24/15 11:21,,,4,01Year05,01Year05,,,,,,,,,,,,,,,,,,,,,,,,,,,,,,,,
BRCA,Circle014,,,,,,,RAP - Daves Hollow,,RA,,,396931,4167679,12S,NAD83,,,,,,,,,,,,,,,,,,,,,,,
BRCA,Circle014,5/6/09 22:31,,,0,00Pre,01Pre,,,,,,,,,,,,,,,,,,,,,,,,,,,,,,,,
BRCA,Circle014,9/29/10 16:09,,,1,01Post,01Post,,,,,,,,,,,,,,,,,,,,,,,,,,,,,,,,
BRCA,Circle014,7/25/11 14:41,,,2,01Year01,Year1,,,,,,,,,,,,,,,,,,,,,,,,,,,,,,,,
BRCA,Circle014,7/23/12 8:47,,,3,01Year02,,,,,,,,,,,,,,,,,,,,,,,,,,,,,,,,,
BRCA,Circle014,8/24/15 11:21,,,4,01Year05,01Year05,,,,,,,,,,,,,,,,,,,,,,,,,,,,,,,,
BRCA,Circle015,,,,,,,RAP - Daves Hollow,,RA,,,396562,4167532,12S,NAD83,,,,,,,,,,,,,,,,,,,,,,,
BRCA,Circle015,5/6/09 22:31,,,0,00Pre,01Pre,,,,,,,,,,,,,,,,,,,,,,,,,,,,,,,,
BRCA,Circle015,9/29/10 16:09,,,1,01Post,01Post,,,,,,,,,,,,,,,,,,,,,,,,,,,,,,,,
BRCA,Circle015,7/25/11 14:50,,,2,01Year01,Year1,,,,,,,,,,,,,,,,,,,,,,,,,,,,,,,,
BRCA,Circle015,7/23/12 8:47,,,3,01Year02,,,,,,,,,,,,,,,,,,,,,,,,,,,,,,,,,
BRCA,Circle015,8/24/15 11:21,,,4,01Year05,01Year05,,,,,,,,,,,,,,,,,,,,,,,,,,,,,,,,
BRCA,PIPO-02,,,,,,,FMH - PIPO,"Bastian, Schmidt",Forest,,,396169,4166530,,NAD83,0,0,9/2/97,,,,,0,90,1,0, Heading to Plot 0,"Route Description: There is a fence around the pink FAA building.  From the gate, go 20 chains at 325 degrees. Feature Description:  Compass Bearing Feature to Stake: 180Distance from Feature to Stake, meters: 0",From FMH 1028 ,Subsample comments:  50m_Shrub_Tran: From FMH 1036 50m_Veg_Tran: From FMH 1049 Fuel_1: From FMH 1052 Fuel_2: From FMH 1052 Fuel_3: From FMH 1052 Fuel_4: From FMH 1052 Pole: From FMH 1043 Seedling: From FMH query 17 Tree_Q1: From FMH 1039 Tree_Q2: From FMH 1040 Tree_Q3: From FMH 1041 Tree_Q4: From FMH 1042,,,,,,,,
BRCA,PIPO-02,8/17/89,,From FMH 1029 ,0,00Pre,00Pre,,,,,,,,,,,,,,,,,,,,,,,,,,,,,,,,
BRCA,PIPO-02,5/9/91,,From FMH 1029 ,2,01Year01,,,,,,,,,,,,,,,,,,,,,,,,,,,,,,,,,
BRCA,PIPO-02,9/14/93,,From FMH 1029 ,3,01Year02,,,,,,,,,,,,,,,,,,,,,,,,,,,,,,,,,
BRCA,PIPO-02,9/2/97,,From FMH 1029 Same data as 01yr5,5,01Year05,01Year06,,,,,,,,,,,,,,,,,,,,,,,,,,,,,,,,
BRCA,PIPO-02,7/1/98,,From FMH 1029 ,13,02Post,02Post,,,,,,,,,,,,,,,,,,,,,,,,,,,,,,,,
BRCA,PIPO-02,6/15/99,,From FMH 1029                                                                  ,14,02Year01,,,,,,,,,,,,,,,,,,,,,,,,,,,,,,,,,
BRCA,PIPO-02,7/10/00,,From FMH 1029                                                                  ,15,02Year02,,,,,,,,,,,,,,,,,,,,,,,,,,,,,,,,,
BRCA,PIPO-02,7/17/03,,From FMH 1029                                                                  ,16,02Year05,,,,,,,,,,,,,,,,,,,,,,,,,,,,,,,,,
BRCA,PIPO-02,7/10/08 15:32,,,17,02Year10,,,,,,,,,,,,,,,,,,,,,,,,,,,,,,,,,
BRCA,PIPO-02,8/19/08 16:44,,,18,03Post,03Post,,,,,,,,,,,,,,,,,,,,,,,,,,,,,,,,
BRCA,PIPO-02,7/23/09 16:29,,,19,03Year01,,,,,,,,,,,,,,,,,,,,,,,,,,,,,,,,,
BRCA,PIPO-02,7/7/10 14:27,,,20,03Year02,03Year02,,,,,,,,,,,,,,,,,,,,,,,,,,,,,,,,
BRCA,PIPO-02,6/4/13 10:15,,,21,03Year05,03Year05,,,,,,,,,,,,,,,,,,,,,,,,,,,,,,,,
BRCA,PIPO-02,8/23/18 16:32,"MARASCIO, BRANNFORS, MARSHALL, VAUGHAN, SUNDERLAND",,22,03Year10,,,,,,,,,,,,,,,,,,,,,,,,,,,,,,,,,
BRCA,PIPO-03,,,,,,,FMH - PIPO,,Forest,,,396243,4166334,,NAD83,0,0,11/14/06,,,,,320,0,0,0, Heading to Plot 0,"Route Description:  Feature Description:  Compass Bearing Feature to Stake: 0Distance from Feature to Stake, meters: 0",From FMH 1028 ,Subsample comments:  50m_Shrub_Tran: From FMH 1036 50m_Veg_Tran: From FMH 1049 Fuel_1: From FMH 1052 Fuel_2: From FMH 1052 Fuel_3: From FMH 1052 Fuel_4: From FMH 1052 Pole: From FMH 1043 Seedling: From FMH query 17 Tree_Q1: From FMH 1039 Tree_Q2: From FMH 1040 Tree_Q3: From FMH 1041 Tree_Q4: From FMH 1042,,,,,,,,
BRCA,PIPO-03,8/19/89,,From FMH 1029 ,0,00Pre,,,,,,,,,,,,,,,,,,,,,,,,,,,,,,,,,
BRCA,PIPO-03,6/26/91,,From FMH 1029 ,1,01Post,01Post,,,,,,,,,,,,,,,,,,,,,,,,,,,,,,,,
BRCA,PIPO-03,9/13/91,,From FMH 1029 ,2,01Year01,,,,,,,,,,,,,,,,,,,,,,,,,,,,,,,,,
BRCA,PIPO-03,9/14/93,,From FMH 1029 ,3,01Year02,,,,,,,,,,,,,,,,,,,,,,,,,,,,,,,,,
BRCA,PIPO-03,9/3/97,,From FMH 1029 Same data as 01yr5,5,01Year05,,,,,,,,,,,,,,,,,,,,,,,,,,,,,,,,,
BRCA,PIPO-03,7/1/98,,From FMH 1029 ,13,02Post,,,,,,,,,,,,,,,,,,,,,,,,,,,,,,,,,
BRCA,PIPO-03,6/15/99,,From FMH 1029                                                                  ,14,02Year01,,,,,,,,,,,,,,,,,,,,,,,,,,,,,,,,,
BRCA,PIPO-03,7/10/00,,From FMH 1029                                                                  ,15,02Year02,,,,,,,,,,,,,,,,,,,,,,,,,,,,,,,,,
BRCA,PIPO-03,7/17/03,,From FMH 1029                                                                  ,16,02Year05,,,,,,,,,,,,,,,,,,,,,,,,,,,,,,,,,
BRCA,PIPO-03,7/10/08 15:03,,,17,02Year10,,,,,,,,,,,,,,,,,,,,,,,,,,,,,,,,,
BRCA,PIPO-03,7/12/08 13:19,,,18,03Post,,,,,,,,,,,,,,,,,,,,,,,,,,,,,,,,,
BRCA,PIPO-03,7/23/09 9:19,,All poles except for tag number 2353 were previous recorded with different numbers.,19,03Year01,,,,,,,,,,,,,,,,,,,,,,,,,,,,,,,,,
BRCA,PIPO-03,7/6/10 14:28,,,20,03Year02,03Year02,,,,,,,,,,,,,,,,,,,,,,,,,,,,,,,,
BRCA,PIPO-03,6/15/13 9:18,,,21,03Year05,03Year05,,,,,,,,,,,,,,,,,,,,,,,,,,,,,,,,
BRCA,PIPO-03,8/21/18 16:38,"MARASCIO, BRANNFORS, MARSHALL, VAUGHAN",,22,03Year10,,,,,,,,,,,,,,,,,,,,,,,,,,,,,,,,,
BRCA,PIPO-04,,,,,,,FMH - PIPO,,Forest,,,395926,4166301,,NAD83,0,0,11/14/06,,,,,13,0,0,0, Heading to Plot 0,"Route Description:  Feature Description:  Compass Bearing Feature to Stake: 0Distance from Feature to Stake, meters: 0",From FMH 1028 ,Subsample comments:  50m_Shrub_Tran: From FMH 1036 50m_Veg_Tran: From FMH 1049 Fuel_1: From FMH 1052 Fuel_2: From FMH 1052 Fuel_3: From FMH 1052 Fuel_4: From FMH 1052 Pole: From FMH 1043 Seedling: From FMH query 17 Tree_Q1: From FMH 1039 Tree_Q2: From FMH 1040 Tree_Q3: From FMH 1041 Tree_Q4: From FMH 1042,,,,,,,,
BRCA,PIPO-04,9/15/89,,From FMH 1029 ,0,00Pre,,,,,,,,,,,,,,,,,,,,,,,,,,,,,,,,,
BRCA,PIPO-04,5/14/91,,From FMH 1029 ,1,01Post,,,,,,,,,,,,,,,,,,,,,,,,,,,,,,,,,
BRCA,PIPO-04,8/9/91,,From FMH 1029 ,2,01Year01,,,,,,,,,,,,,,,,,,,,,,,,,,,,,,,,,
BRCA,PIPO-04,9/15/93,,From FMH 1029 ,3,01Year02,,,,,,,,,,,,,,,,,,,,,,,,,,,,,,,,,
BRCA,PIPO-04,9/22/97,,From FMH 1029 Copied 00 PR02 for 01 yr5 status for second entry burn.,5,01Year05,,,,,,,,,,,,,,,,,,,,,,,,,,,,,,,,,
BRCA,PIPO-04,7/1/98,,From FMH 1029 ,13,02Post,,,,,,,,,,,,,,,,,,,,,,,,,,,,,,,,,
BRCA,PIPO-04,6/16/99,,From FMH 1029                                                                  ,14,02Year01,,,,,,,,,,,,,,,,,,,,,,,,,,,,,,,,,
BRCA,PIPO-04,7/11/00,,From FMH 1029                                                                  ,15,02Year02,,,,,,,,,,,,,,,,,,,,,,,,,,,,,,,,,
BRCA,PIPO-04,7/17/03,,From FMH 1029                                                                  ,16,02Year05,,,,,,,,,,,,,,,,,,,,,,,,,,,,,,,,,
BRCA,PIPO-04,7/10/08 15:49,,,17,02Year10,,,,,,,,,,,,,,,,,,,,,,,,,,,,,,,,,
BRCA,PIPO-04,8/19/08 14:21,,,18,03Post,,,,,,,,,,,,,,,,,,,,,,,,,,,,,,,,,
BRCA,PIPO-04,7/23/09 13:58,,,19,03Year01,,,,,,,,,,,,,,,,,,,,,,,,,,,,,,,,,
BRCA,PIPO-04,7/8/10 14:28,,,20,03Year02,03Year02,,,,,,,,,,,,,,,,,,,,,,,,,,,,,,,,
BRCA,PIPO-04,6/5/13 7:13,,,21,03Year05,03Year05,,,,,,,,,,,,,,,,,,,,,,,,,,,,,,,,
BRCA,PIPO-04,8/26/18 16:44,"MARASCIO, BRANNFORS, MARSHALL, VAUGHAN, SUNDERLAND, SPROUSE",,22,03Year10,,,,,,,,,,,,,,,,,,,,,,,,,,,,,,,,,
BRCA,PIPO-09,,,,,,,FMH - PIPO,,Forest,,,395944,4165352,,NAD83,0,0,11/14/06,,,,,352,0,0,0, Heading to Plot 0,"Route Description:  Feature Description:  Compass Bearing Feature to Stake: 0Distance from Feature to Stake, meters: 0",From FMH 1028 ,Subsample comments:  50m_Shrub_Tran: From FMH 1036 50m_Veg_Tran: From FMH 1049 Fuel_1: From FMH 1052 Fuel_2: From FMH 1052 Fuel_3: From FMH 1052 Fuel_4: From FMH 1052 Pole: From FMH 1043 Seedling: From FMH query 17 Tree_Q1: From FMH 1039 Tree_Q2: From FMH 1040 Tree_Q3: From FMH 1041 Tree_Q4: From FMH 1042,,,,,,,,
BRCA,PIPO-09,9/6/89,,From FMH 1029 ,23,00PR01,00PR01,,,,,,,,,,,,,,,,,,,,,,,,,,,,,,,,
BRCA,PIPO-09,5/16/91,,From FMH 1029 ,24,00PR02,00PR02,,,,,,,,,,,,,,,,,,,,,,,,,,,,,,,,
BRCA,PIPO-09,9/7/93,,From FMH 1029 ,25,00PR03,00PR03,,,,,,,,,,,,,,,,,,,,,,,,,,,,,,,,
BRCA,PIPO-09,9/22/97,,From FMH 1029 Copied 00 PR02 for 01 yr5 status for second entry burn.,0,00Pre,00PR04,,,,,,,,,,,,,,,,,,,,,,,,,,,,,,,,
BRCA,PIPO-09,6/30/98,,From FMH 1029 ,1,01Post,01Post,,,,,,,,,,,,,,,,,,,,,,,,,,,,,,,,
BRCA,PIPO-09,6/16/99,,From FMH 1029                                                                  ,2,01Year01,01Year01,,,,,,,,,,,,,,,,,,,,,,,,,,,,,,,,
BRCA,PIPO-09,7/11/00,,From FMH 1029                                                                  ,3,01Year02,01Year02,,,,,,,,,,,,,,,,,,,,,,,,,,,,,,,,
BRCA,PIPO-09,9/4/03,,From FMH 1029                                                                  ,5,01Year05,01Year05,,,,,,,,,,,,,,,,,,,,,,,,,,,,,,,,
BRCA,PIPO-09,7/14/08 14:48,,,7,01Year10,01Year10,,,,,,,,,,,,,,,,,,,,,,,,,,,,,,,,
BRCA,PIPO-09,8/18/08 13:37,,,13,02Post,02Post,,,,,,,,,,,,,,,,,,,,,,,,,,,,,,,,
BRCA,PIPO-09,7/23/09 8:45,,,14,02Year01,02Year01,,,,,,,,,,,,,,,,,,,,,,,,,,,,,,,,
BRCA,PIPO-09,7/7/10 14:29,,,15,02Year02,02Year02,,,,,,,,,,,,,,,,,,,,,,,,,,,,,,,,
BRCA,PIPO-09,6/6/13 10:15,,,16,02Year05,02Year05,,,,,,,,,,,,,,,,,,,,,,,,,,,,,,,,
BRCA,PIPO-09,8/26/18 17:55,"MARASCIO, BRANNFORS, MARSHALL, VAUGHAN, SUNDERLAND, SPROUSE",,22,03Year10,,,,,,,,,,,,,,,,,,,,,,,,,,,,,,,,,
BRCA,PIPO-13,,,,,,,FMH - PIPO,,Forest,,,395297,4164314,,NAD83,0,0,11/14/06,,,,,127,0,0,0, Heading to Plot 0,"Route Description:  Feature Description:  Compass Bearing Feature to Stake: 0Distance from Feature to Stake, meters: 0",From FMH 1028 ,Subsample comments:  50m_Shrub_Tran: From FMH 1036 50m_Veg_Tran: From FMH 1049 Fuel_1: From FMH 1052 Fuel_2: From FMH 1052 Fuel_3: From FMH 1052 Fuel_4: From FMH 1052 Pole: From FMH 1043 Seedling: From FMH query 17 Tree_Q1: From FMH 1039 Tree_Q2: From FMH 1040 Tree_Q3: From FMH 1041 Tree_Q4: From FMH 1042,,,,,,,,
BRCA,PIPO-13,9/8/89,,From FMH 1029 ,23,00PR01,Pre00,,,,,,,,,,,,,,,,,,,,,,,,,,,,,,,,
BRCA,PIPO-13,5/17/91,,From FMH 1029 Only Overstory Post Assessment done.,0,00Pre,,,,,,,,,,,,,,,,,,,,,,,,,,,,,,,,,
BRCA,PIPO-13,8/5/93,,"From FMH 1029 Only Poles, seedlings, and fuels.",1,01Post,,,,,,,,,,,,,,,,,,,,,,,,,,,,,,,,,
BRCA,PIPO-13,7/1/06,,From FMH 1029                                                                  ,8,01Year14,01Year14,,,,,,,,,,,,,,,,,,,,,,,,,,,,,,,,
BRCA,PIPO-13,7/5/09 15:46,,,10,01Year17,01Year17,,,,,,,,,,,,,,,,,,,,,,,,,,,,,,,,
BRCA,PIPO-13,9/19/11 10:02,,,13,02Post,Post02,,,,,,,,,,,,,,,,,,,,,,,,,,,,,,,,
BRCA,PIPO-13,7/25/12 17:13,,,14,02Year01,01Year01,,,,,,,,,,,,,,,,,,,,,,,,,,,,,,,,
BRCA,PIPO-13,6/6/13 15:43,,,15,02Year02,01Year02,,,,,,,,,,,,,,,,,,,,,,,,,,,,,,,,
BRCA,PIPO-13,7/5/16 15:07,,,16,02Year05,,,,,,,,,,,,,,,,,,,,,,,,,,,,,,,,,
BRCA,PIPO-18,,,,,,,FMH - PIPO,,Forest,,,395405,4163433,,NAD83,0,0,11/14/06,,,,,324,0,0,0, Heading to Plot 0,"Route Description:  Feature Description:  Compass Bearing Feature to Stake: 0Distance from Feature to Stake, meters: 0",From FMH 1028 ,Subsample comments:  50m_Shrub_Tran: From FMH 1036 50m_Veg_Tran: From FMH 1049 Fuel_1: From FMH 1052 Fuel_2: From FMH 1052 Fuel_3: From FMH 1052 Fuel_4: From FMH 1052 Pole: From FMH 1043 Seedling: From FMH query 17 Tree_Q1: From FMH 1039 Tree_Q2: From FMH 1040 Tree_Q3: From FMH 1041 Tree_Q4: From FMH 1042,,,,,,,,
BRCA,PIPO-18,9/10/89,,From FMH 1029 ,23,00PR01,,,,,,,,,,,,,,,,,,,,,,,,,,,,,,,,,
BRCA,PIPO-18,5/21/91,,From FMH 1029 Only Overstory Post Assessment done.,0,00Pre,,,,,,,,,,,,,,,,,,,,,,,,,,,,,,,,,
BRCA,PIPO-18,8/16/93,,"From FMH 1029 Only Poles, seedlings, and fuels",1,01Post,,,,,,,,,,,,,,,,,,,,,,,,,,,,,,,,,
BRCA,PIPO-18,6/30/06,,From FMH 1029                                                                  ,8,01Year14,,,,,,,,,,,,,,,,,,,,,,,,,,,,,,,,,
BRCA,PIPO-18,8/6/09 12:54,,,10,01Year17,,,,,,,,,,,,,,,,,,,,,,,,,,,,,,,,,
BRCA,PIPO-18,9/19/11 9:12,,,13,02Post,Post02,,,,,,,,,,,,,,,,,,,,,,,,,,,,,,,,
BRCA,PIPO-18,7/30/12 9:41,,,14,02Year01,02Year01,,,,,,,,,,,,,,,,,,,,,,,,,,,,,,,,
BRCA,PIPO-18,6/7/13 15:49,,,15,02Year02,02Year02,,,,,,,,,,,,,,,,,,,,,,,,,,,,,,,,
BRCA,PIPO-18,7/5/16 9:46,,,16,02Year05,,,,,,,,,,,,,,,,,,,,,,,,,,,,,,,,,
BRCA,PIPO-19,,,,,,,FMH - PIPO,,Forest,,,395234,4163329,,NAD83,0,0,11/14/06,,,,,0,0,0,0, Heading to Plot 0,"Route Description:  Feature Description:  Compass Bearing Feature to Stake: 0Distance from Feature to Stake, meters: 0",From FMH 1028 ,Subsample comments:  50m_Shrub_Tran: From FMH 1036 50m_Veg_Tran: From FMH 1049 Fuel_1: From FMH 1052 Fuel_2: From FMH 1052 Fuel_3: From FMH 1052 Fuel_4: From FMH 1052 Pole: From FMH 1043 Seedling: From FMH query 17 Tree_Q1: From FMH 1039 Tree_Q2: From FMH 1040 Tree_Q3: From FMH 1041 Tree_Q4: From FMH 1042,,,,,,,,
BRCA,PIPO-19,9/10/89 13:26,,,23,00PR01,00PR01,,,,,,,,,,,,,,,,,,,,,,,,,,,,,,,,
BRCA,PIPO-19,5/22/91 13:21,,,0,00Pre,00Pre,,,,,,,,,,,,,,,,,,,,,,,,,,,,,,,,
BRCA,PIPO-19,8/17/93 14:51,,,1,01Post,01Year01,,,,,,,,,,,,,,,,,,,,,,,,,,,,,,,,
BRCA,PIPO-19,6/29/06,,From FMH 1029                                                                  ,8,01Year14,,,,,,,,,,,,,,,,,,,,,,,,,,,,,,,,,
BRCA,PIPO-19,8/6/09 13:52,,,10,01Year17,,,,,,,,,,,,,,,,,,,,,,,,,,,,,,,,,
BRCA,PIPO-19,7/31/12 9:16,,,11,01Year20,01Year20,,,,,,,,,,,,,,,,,,,,,,,,,,,,,,,,
BRCA,PIPO-19,6/7/13 11:39,,,12,01Year21,01Year21,,,,,,,,,,,,,,,,,,,,,,,,,,,,,,,,
BRCA,PIPO-20,,,,,,,FMH - PIPO,,Forest,,,395237,4163350,,NAD83,0,0,11/14/06,,,,,88,0,0,0, Heading to Plot 0,"Route Description:  Feature Description:  Compass Bearing Feature to Stake: 0Distance from Feature to Stake, meters: 0",From FMH 1028 ,Subsample comments:  50m_Shrub_Tran: From FMH 1036 50m_Veg_Tran: From FMH 1049 Fuel_1: From FMH 1052 Fuel_2: From FMH 1052 Fuel_3: From FMH 1052 Fuel_4: From FMH 1052 Pole: From FMH 1043 Seedling: From FMH query 17 Tree_Q1: From FMH 1039 Tree_Q2: From FMH 1040 Tree_Q3: From FMH 1041 Tree_Q4: From FMH 1042,,,,,,,,
BRCA,PIPO-20,9/15/89,,From FMH 1029 ,23,00PR01,,,,,,,,,,,,,,,,,,,,,,,,,,,,,,,,,
BRCA,PIPO-20,5/22/91,,From FMH 1029 Only has Pole and seedling data.,0,00Pre,,,,,,,,,,,,,,,,,,,,,,,,,,,,,,,,,
BRCA,PIPO-20,8/31/93,,"From FMH 1029 Only Poles, seedlings, and fuels",1,01Post,,,,,,,,,,,,,,,,,,,,,,,,,,,,,,,,,
BRCA,PIPO-20,7/1/06,,From FMH 1029                                                                  ,8,01Year14,,,,,,,,,,,,,,,,,,,,,,,,,,,,,,,,,
BRCA,PIPO-20,8/24/09 14:08,,,10,01Year17,,,,,,,,,,,,,,,,,,,,,,,,,,,,,,,,,
BRCA,PIPO-20,7/30/12 9:41,,,11,01Year20,02Year01,,,,,,,,,,,,,,,,,,,,,,,,,,,,,,,,
BRCA,PIPO-20,6/6/13 11:40,,,12,01Year21,02Year02,,,,,,,,,,,,,,,,,,,,,,,,,,,,,,,,
BRCA,PIPO-22,,,,,,,FMH - PIPO,,Forest,,,395691,4165587,,NAD83,0,0,11/14/06,,,,,174,0,0,0, Heading to Plot 0,"Route Description:  Feature Description:  Compass Bearing Feature to Stake: 0Distance from Feature to Stake, meters: 0",From FMH 1028 ,Subsample comments:  50m_Shrub_Tran: From FMH 1036 50m_Veg_Tran: From FMH 1049 Fuel_1: From FMH 1052 Fuel_2: From FMH 1052 Fuel_3: From FMH 1052 Fuel_4: From FMH 1052 Pole: From FMH 1043 Seedling: From FMH query 17 Tree_Q1: From FMH 1039 Tree_Q2: From FMH 1040 Tree_Q3: From FMH 1041 Tree_Q4: From FMH 1042,,,,,,,,
BRCA,PIPO-22,8/16/90,,From FMH 1029 ,23,00PR01,,,,,,,,,,,,,,,,,,,,,,,,,,,,,,,,,
BRCA,PIPO-22,5/23/91,,From FMH 1029 ,24,00PR02,,,,,,,,,,,,,,,,,,,,,,,,,,,,,,,,,
BRCA,PIPO-22,9/23/97,,From FMH 1029 Copied 00 PR02 for 01 yr5 status for second entry burn.,25,00PR03,,,,,,,,,,,,,,,,,,,,,,,,,,,,,,,,,
BRCA,PIPO-22,7/11/00,,From FMH 1029 ,26,00PR04,,,,,,,,,,,,,,,,,,,,,,,,,,,,,,,,,
BRCA,PIPO-22,9/4/03,,From FMH 1029                                                                  ,27,00PR05,00PR05,,,,,,,,,,,,,,,,,,,,,,,,,,,,,,,,
BRCA,PIPO-22,7/10/08 14:54,,,0,00Pre,,,,,,,,,,,,,,,,,,,,,,,,,,,,,,,,,
BRCA,PIPO-22,8/18/08 8:03,,,1,01Post,,,,,,,,,,,,,,,,,,,,,,,,,,,,,,,,,
BRCA,PIPO-22,7/23/09 15:38,,,2,01Year01,,,,,,,,,,,,,,,,,,,,,,,,,,,,,,,,,
BRCA,PIPO-22,7/8/10 14:29,,,3,01Year02,03Year02,,,,,,,,,,,,,,,,,,,,,,,,,,,,,,,,
BRCA,PIPO-22,6/5/13 8:08,,,5,01Year05,03Year05,,,,,,,,,,,,,,,,,,,,,,,,,,,,,,,,
BRCA,PIPO-22,8/26/18 18:01,"MARASCIO, BRANNFORS, MARSHALL, VAUGHAN, SUNDERLAND, SPROUSE",,22,03Year10,,,,,,,,,,,,,,,,,,,,,,,,,,,,,,,,,
BRCA,PIPO-26,,,,,,,FMH - PIPO,,Forest,,,396042,4166579,,NAD83,0,0,11/14/06,,,,,201,0,0,0, Heading to Plot 0,"Route Description:  Feature Description:  Compass Bearing Feature to Stake: 0Distance from Feature to Stake, meters: 0",From FMH 1028 ,Subsample comments:  50m_Shrub_Tran: From FMH 1036 50m_Veg_Tran: From FMH 1049 Fuel_1: From FMH 1052 Fuel_2: From FMH 1052 Fuel_3: From FMH 1052 Fuel_4: From FMH 1052 Pole: From FMH 1043 Seedling: From FMH query 17 Tree_Q1: From FMH 1039 Tree_Q2: From FMH 1040 Tree_Q3: From FMH 1041 Tree_Q4: From FMH 1042,,,,,,,,
BRCA,PIPO-26,9/16/90,,From FMH 1029 ,0,00Pre,,,,,,,,,,,,,,,,,,,,,,,,,,,,,,,,,
BRCA,PIPO-26,5/24/91,,From FMH 1029 ,2,01Year01,,,,,,,,,,,,,,,,,,,,,,,,,,,,,,,,,
BRCA,PIPO-26,9/24/97,,From FMH 1029 Same data as 01yr5,5,01Year05,,,,,,,,,,,,,,,,,,,,,,,,,,,,,,,,,
BRCA,PIPO-26,6/30/98,,From FMH 1029 ,13,02Post,,,,,,,,,,,,,,,,,,,,,,,,,,,,,,,,,
BRCA,PIPO-26,6/16/99,,From FMH 1029                                                                  ,14,02Year01,,,,,,,,,,,,,,,,,,,,,,,,,,,,,,,,,
BRCA,PIPO-26,7/10/00,,From FMH 1029                                                                  ,15,02Year02,,,,,,,,,,,,,,,,,,,,,,,,,,,,,,,,,
BRCA,PIPO-26,9/3/03,,From FMH 1029                                                                  ,16,02Year05,,,,,,,,,,,,,,,,,,,,,,,,,,,,,,,,,
BRCA,PIPO-26,7/10/08 13:38,,,17,02Year10,,,,,,,,,,,,,,,,,,,,,,,,,,,,,,,,,
BRCA,PIPO-26,8/19/08 13:59,,,18,03Post,,,,,,,,,,,,,,,,,,,,,,,,,,,,,,,,,
BRCA,PIPO-26,7/22/09 10:55,,Pole with tag 4665 used to be tag 508.,19,03Year01,,,,,,,,,,,,,,,,,,,,,,,,,,,,,,,,,
BRCA,PIPO-26,7/8/10 14:30,,,20,03Year02,03Year02,,,,,,,,,,,,,,,,,,,,,,,,,,,,,,,,
BRCA,PIPO-26,6/4/13 10:58,,,21,03Year05,03Year05,,,,,,,,,,,,,,,,,,,,,,,,,,,,,,,,
BRCA,PIPO-26,8/22/18 17:07,"MARASCIO, BRANNFORS, VAUGHAN, MARSHALL, VASQUEZ",,22,03Year10,,,,,,,,,,,,,,,,,,,,,,,,,,,,,,,,,
BRCA,PIPO-36,,,,,,,FMH - PIPO,,Forest,,,395297,4162006,,NAD83,0,0,11/14/06,,,,,330,0,0,0, Heading to Plot 0,"Route Description:  Feature Description:  Compass Bearing Feature to Stake: 0Distance from Feature to Stake, meters: 0",From FMH 1028 ,Subsample comments:  50m_Shrub_Tran: From FMH 1036 50m_Veg_Tran: From FMH 1049 Fuel_1: From FMH 1052 Fuel_2: From FMH 1052 Fuel_3: From FMH 1052 Fuel_4: From FMH 1052 Pole: From FMH 1043 Seedling: From FMH query 17 Tree_Q1: From FMH 1039 Tree_Q2: From FMH 1040 Tree_Q3: From FMH 1041 Tree_Q4: From FMH 1042,,,,,,,,
BRCA,PIPO-36,10/17/90,,From FMH 1029 ,0,00Pre,,,,,,,,,,,,,,,,,,,,,,,,,,,,,,,,,
BRCA,PIPO-36,8/9/96,,From FMH 1029 These plots are actually 01 yr06 but are labelled as 01 yr05 for the purpose of analyzing this ponderosa pine monitoring type as a whole.,3,01Year02,,,,,,,,,,,,,,,,,,,,,,,,,,,,,,,,,
BRCA,PIPO-36,9/24/98,,From FMH 1029 Actually 01 yr08 but labelled 01 yr10 for PIPO analysis. ,5,01Year05,,,,,,,,,,,,,,,,,,,,,,,,,,,,,,,,,
BRCA,PIPO-36,8/20/03,,From FMH 1029 formerly in the Paria North unit - N and S were merged in 2003,7,01Year10,,,,,,,,,,,,,,,,,,,,,,,,,,,,,,,,,
BRCA,PIPO-36,7/17/04,,From FMH 1029                                                                  ,13,02Post,,,,,,,,,,,,,,,,,,,,,,,,,,,,,,,,,
BRCA,PIPO-36,8/25/05,,From FMH 1029 Actually 01 yr08 but labelled 01 yr10 for PIPO analysis. ,14,02Year01,,,,,,,,,,,,,,,,,,,,,,,,,,,,,,,,,
BRCA,PIPO-36,6/19/06,,From FMH 1029                                                                  ,15,02Year02,,,,,,,,,,,,,,,,,,,,,,,,,,,,,,,,,
BRCA,PIPO-36,7/24/09 17:10,,,16,02Year05,,,,,,,,,,,,,,,,,,,,,,,,,,,,,,,,,
BRCA,PIPO-36,7/9/14 10:09,,,17,02Year10,02Year10,,,,,,,,,,,,,,,,,,,,,,,,,,,,,,,,
BRCA,PIPO-37,,,,,,,FMH - PIPO,,Forest,,,396345,4162370,,NAD83,0,0,11/14/06,,,,,260,0,0,0, Heading to Plot 0,"Route Description:  Feature Description:  Compass Bearing Feature to Stake: 0Distance from Feature to Stake, meters: 0","Cut at edge for proposed bike path. Still okay to read if no more disturbance occurs. - Li Brannfors, Fire Ecologist (detailed) 2018",Subsample comments:  50m_Shrub_Tran: From FMH 1036 50m_Veg_Tran: From FMH 1049 Fuel_1: From FMH 1052 Fuel_2: From FMH 1052 Fuel_3: From FMH 1052 Fuel_4: From FMH 1052 Pole: From FMH 1043 Seedling: From FMH query 17 Tree_Q1: From FMH 1039 Tree_Q2: From FMH 1040 Tree_Q3: From FMH 1041 Tree_Q4: From FMH 1042,,,,,,,,
BRCA,PIPO-37,9/19/90,,From FMH 1029 ,0,00Pre,,,,,,,,,,,,,,,,,,,,,,,,,,,,,,,,,
BRCA,PIPO-37,8/5/96,,From FMH 1029 These plots are actually 01 yr06 but are labelled as 01 yr05 for the purpose of analyzing these plots as a whole across the ponderosa pine monitoring type.,3,01Year02,,,,,,,,,,,,,,,,,,,,,,,,,,,,,,,,,
BRCA,PIPO-37,9/24/98,,From FMH 1029 Actually 01 yr08 but labelled 01 yr10 for PIPO analysis.,5,01Year05,,,,,,,,,,,,,,,,,,,,,,,,,,,,,,,,,
BRCA,PIPO-37,8/19/03,,From FMH 1029 formerly in the Paria North unit,7,01Year10,,,,,,,,,,,,,,,,,,,,,,,,,,,,,,,,,
BRCA,PIPO-37,7/7/04,,From FMH 1029                                                                  ,13,02Post,,,,,,,,,,,,,,,,,,,,,,,,,,,,,,,,,
BRCA,PIPO-37,7/26/05,,From FMH 1029                                                                  ,14,02Year01,,,,,,,,,,,,,,,,,,,,,,,,,,,,,,,,,
BRCA,PIPO-37,6/14/06,,From FMH 1029                                                                  ,15,02Year02,,,,,,,,,,,,,,,,,,,,,,,,,,,,,,,,,
BRCA,PIPO-37,7/25/09 9:31,,,16,02Year05,,,,,,,,,,,,,,,,,,,,,,,,,,,,,,,,,
BRCA,PIPO-37,7/7/14 16:34,,,17,02Year10,02Year10,,,,,,,,,,,,,,,,,,,,,,,,,,,,,,,,
BRCA,PIPO-44,,,,,,,FMH - PIPO,,Forest,,,395827,4162370,,NAD83,0,0,11/14/06,,,,,347,0,0,0, Heading to Plot 0,"Route Description:  Feature Description:  Compass Bearing Feature to Stake: 0Distance from Feature to Stake, meters: 0",From FMH 1028 ,Subsample comments:  50m_Shrub_Tran: From FMH 1036 50m_Veg_Tran: From FMH 1049 Fuel_1: From FMH 1052 Fuel_2: From FMH 1052 Fuel_3: From FMH 1052 Fuel_4: From FMH 1052 Pole: From FMH 1043 Seedling: From FMH query 17 Tree_Q1: From FMH 1039 Tree_Q2: From FMH 1040 Tree_Q3: From FMH 1041 Tree_Q4: From FMH 1042,,,,,,,,
BRCA,PIPO-44,8/29/90,,From FMH 1029 ,0,00Pre,,,,,,,,,,,,,,,,,,,,,,,,,,,,,,,,,
BRCA,PIPO-44,8/8/96,,From FMH 1029 These plots are actually 01 yr06 but are labelled 01 yr05 for the purpose of analyzing this monitoring type as a whole.,3,01Year02,,,,,,,,,,,,,,,,,,,,,,,,,,,,,,,,,
BRCA,PIPO-44,9/24/98,,From FMH 1029 Actually 01 yr08 but labelled 01 yr10 for PIPO analysis,5,01Year05,,,,,,,,,,,,,,,,,,,,,,,,,,,,,,,,,
BRCA,PIPO-44,8/20/03,,From FMH 1029 formerly in the Paria North unit,7,01Year10,,,,,,,,,,,,,,,,,,,,,,,,,,,,,,,,,
BRCA,PIPO-44,7/7/04,,From FMH 1029                                                                  ,13,02Post,,,,,,,,,,,,,,,,,,,,,,,,,,,,,,,,,
BRCA,PIPO-44,7/27/05,,From FMH 1029                                                                  ,14,02Year01,,,,,,,,,,,,,,,,,,,,,,,,,,,,,,,,,
BRCA,PIPO-44,6/16/06,,From FMH 1029                                                                  ,15,02Year02,,,,,,,,,,,,,,,,,,,,,,,,,,,,,,,,,
BRCA,PIPO-44,7/24/09 15:45,,,16,02Year05,,,,,,,,,,,,,,,,,,,,,,,,,,,,,,,,,
BRCA,PIPO-44,7/9/14 8:46,,,17,02Year10,02Year10,,,,,,,,,,,,,,,,,,,,,,,,,,,,,,,,
BRCA,PIPO-45,,,,,,,FMH - PIPO,,Forest,,,396839,4162082,,NAD83,0,0,11/14/06,,,,,282,0,0,0, Heading to Plot 0,"Route Description:  Feature Description:  Compass Bearing Feature to Stake: 0Distance from Feature to Stake, meters: 0",From FMH 1028 ,Subsample comments:  50m_Shrub_Tran: From FMH 1036 50m_Veg_Tran: From FMH 1049 Fuel_1: From FMH 1052 Fuel_2: From FMH 1052 Fuel_3: From FMH 1052 Fuel_4: From FMH 1052 Pole: From FMH 1043 Seedling: From FMH query 17 Tree_Q1: From FMH 1039 Tree_Q2: From FMH 1040 Tree_Q3: From FMH 1041 Tree_Q4: From FMH 1042,,,,,,,,
BRCA,PIPO-45,9/14/90,,From FMH 1029 ,0,00Pre,,,,,,,,,,,,,,,,,,,,,,,,,,,,,,,,,
BRCA,PIPO-45,8/9/96,,From FMH 1029 These plots are actually 01 yr06 but are labelled 01 yr05 for the purpose of analyzing this monitoring type as a whole.,3,01Year02,,,,,,,,,,,,,,,,,,,,,,,,,,,,,,,,,
BRCA,PIPO-45,9/24/98,,From FMH 1029 Acutally 01 yr08 but labelled 01 yr10 for PIPO analysis.,5,01Year05,,,,,,,,,,,,,,,,,,,,,,,,,,,,,,,,,
BRCA,PIPO-45,8/20/03,,From FMH 1029 formerly in the Paria North unit,7,01Year10,,,,,,,,,,,,,,,,,,,,,,,,,,,,,,,,,
BRCA,PIPO-45,7/7/04,,From FMH 1029                                                                  ,13,02Post,,,,,,,,,,,,,,,,,,,,,,,,,,,,,,,,,
BRCA,PIPO-45,7/25/05,,From FMH 1029                                                                  ,14,02Year01,,,,,,,,,,,,,,,,,,,,,,,,,,,,,,,,,
BRCA,PIPO-45,6/15/06,,From FMH 1029                                                                  ,15,02Year02,,,,,,,,,,,,,,,,,,,,,,,,,,,,,,,,,
BRCA,PIPO-45,7/24/09 10:31,,,16,02Year05,,,,,,,,,,,,,,,,,,,,,,,,,,,,,,,,,
BRCA,PIPO-45,7/10/14 11:12,,,17,02Year10,02Year10,,,,,,,,,,,,,,,,,,,,,,,,,,,,,,,,
BRCA,PIPO-47,,,,,,,FMH - PIPO,,Forest,,,397725,4161875,,NAD83,0,0,11/14/06,,,,,45,0,0,0, Heading to Plot 0,"Route Description:  Feature Description:  Compass Bearing Feature to Stake: 0Distance from Feature to Stake, meters: 0",From FMH 1028 ,Subsample comments:  50m_Shrub_Tran: From FMH 1036 50m_Veg_Tran: From FMH 1049 Fuel_1: From FMH 1052 Fuel_2: From FMH 1052 Fuel_3: From FMH 1052 Fuel_4: From FMH 1052 Pole: From FMH 1043 Seedling: From FMH query 17 Tree_Q1: From FMH 1039 Tree_Q2: From FMH 1040 Tree_Q3: From FMH 1041 Tree_Q4: From FMH 1042,,,,,,,,
BRCA,PIPO-47,10/12/90,,From FMH 1029 ,0,00Pre,,,,,,,,,,,,,,,,,,,,,,,,,,,,,,,,,
BRCA,PIPO-47,7/11/96,,From FMH 1029 These plots are actually 01 yr06 but are labelled as 01 yr5 for the purpose of analyzing this monitoring type as a whole.,3,01Year02,,,,,,,,,,,,,,,,,,,,,,,,,,,,,,,,,
BRCA,PIPO-47,9/23/98,,From FMH 1029 Actually 01 yr08 but labelled 01 yr10 for PIPO analysis.,5,01Year05,,,,,,,,,,,,,,,,,,,,,,,,,,,,,,,,,
BRCA,PIPO-47,8/21/03,,From FMH 1029 formerly in the Paria South unit,7,01Year10,,,,,,,,,,,,,,,,,,,,,,,,,,,,,,,,,
BRCA,PIPO-47,7/6/04,,From FMH 1029                                                                  ,13,02Post,,,,,,,,,,,,,,,,,,,,,,,,,,,,,,,,,
BRCA,PIPO-47,7/29/05,,From FMH 1029                                                                  ,14,02Year01,,,,,,,,,,,,,,,,,,,,,,,,,,,,,,,,,
BRCA,PIPO-47,6/17/06,,From FMH 1029                                                                  ,15,02Year02,,,,,,,,,,,,,,,,,,,,,,,,,,,,,,,,,
BRCA,PIPO-47,7/24/09 11:49,,,16,02Year05,,,,,,,,,,,,,,,,,,,,,,,,,,,,,,,,,
BRCA,PIPO-47,8/6/14 9:52,,,17,02Year10,02Year10,,,,,,,,,,,,,,,,,,,,,,,,,,,,,,,,
BRCA,PIPO-50,,,,,,,FMH - PIPO,,Forest,,,397486,4161974,,NAD83,0,0,11/14/06,,,,,338,0,0,0, Heading to Plot 0,"Route Description:  Feature Description:  Compass Bearing Feature to Stake: 0Distance from Feature to Stake, meters: 0",From FMH 1028 ,Subsample comments:  50m_Shrub_Tran: From FMH 1036 50m_Veg_Tran: From FMH 1049 Fuel_1: From FMH 1052 Fuel_2: From FMH 1052 Fuel_3: From FMH 1052 Fuel_4: From FMH 1052 Pole: From FMH 1043 Seedling: From FMH query 17 Tree_Q1: From FMH 1039 Tree_Q2: From FMH 1040 Tree_Q3: From FMH 1041 Tree_Q4: From FMH 1042,,,,,,,,
BRCA,PIPO-50,10/14/90,,From FMH 1029 ,0,00Pre,,,,,,,,,,,,,,,,,,,,,,,,,,,,,,,,,
BRCA,PIPO-50,6/13/96,,From FMH 1029 These plots are actually 01 yr06 but for analysis purposes across this monitoring type they have been labelled 01 yr05.,3,01Year02,,,,,,,,,,,,,,,,,,,,,,,,,,,,,,,,,
BRCA,PIPO-50,9/23/98,,From FMH 1029 Actually 01 yr08 but labelled 01 yr10 for PIPO analysis.,5,01Year05,,,,,,,,,,,,,,,,,,,,,,,,,,,,,,,,,
BRCA,PIPO-50,8/21/03,,From FMH 1029 formerly in the Paria South unit,7,01Year10,,,,,,,,,,,,,,,,,,,,,,,,,,,,,,,,,
BRCA,PIPO-50,7/6/04,,From FMH 1029                                                                  ,13,02Post,,,,,,,,,,,,,,,,,,,,,,,,,,,,,,,,,
BRCA,PIPO-50,7/29/05,,From FMH 1029                                                                  ,14,02Year01,,,,,,,,,,,,,,,,,,,,,,,,,,,,,,,,,
BRCA,PIPO-50,6/17/06,,From FMH 1029                                                                  ,15,02Year02,,,,,,,,,,,,,,,,,,,,,,,,,,,,,,,,,
BRCA,PIPO-50,7/24/09 13:40,,,16,02Year05,,,,,,,,,,,,,,,,,,,,,,,,,,,,,,,,,
BRCA,PIPO-50,7/8/14 10:22,,,17,02Year10,02Year10,,,,,,,,,,,,,,,,,,,,,,,,,,,,,,,,
BRCA,PIPO-67,,,,,,,FMH - PIPO,,Forest,,,394024,4162353,,NAD83,0,0,11/14/06,,,,,304,0,0,0, Heading to Plot 0,"Route Description:  Feature Description:  Compass Bearing Feature to Stake: 0Distance from Feature to Stake, meters: 0",From FMH 1028 ,Subsample comments:  50m_Shrub_Tran: From FMH 1036 50m_Veg_Tran: From FMH 1049 Fuel_1: From FMH 1052 Fuel_2: From FMH 1052 Fuel_3: From FMH 1052 Fuel_4: From FMH 1052 Pole: From FMH 1043 Seedling: From FMH query 17 Tree_Q1: From FMH 1039 Tree_Q2: From FMH 1040 Tree_Q3: From FMH 1041 Tree_Q4: From FMH 1042,,,,,,,,
BRCA,PIPO-67,8/7/96,,From FMH 1029 ,23,00PR01,,,,,,,,,,,,,,,,,,,,,,,,,,,,,,,,,
BRCA,PIPO-67,7/18/00,,From FMH 1029 ,0,00Pre,,,,,,,,,,,,,,,,,,,,,,,,,,,,,,,,,
BRCA,PIPO-67,10/22/01,,From FMH 1029                                                                  ,1,01Post,,,,,,,,,,,,,,,,,,,,,,,,,,,,,,,,,
BRCA,PIPO-67,7/30/02,,From FMH 1029                                                                  ,2,01Year01,,,,,,,,,,,,,,,,,,,,,,,,,,,,,,,,,
BRCA,PIPO-67,7/6/03,,From FMH 1029                                                                  ,3,01Year02,,,,,,,,,,,,,,,,,,,,,,,,,,,,,,,,,
BRCA,PIPO-67,7/2/06,,From FMH 1029                                                                  ,5,01Year05,,,,,,,,,,,,,,,,,,,,,,,,,,,,,,,,,
BRCA,PIPO-67,7/25/11 15:34,,,7,01Year10,01Year10,,,,,,,,,,,,,,,,,,,,,,,,,,,,,,,,
BRCA,PIPO-67,7/7/16 13:22,,,9,01Year15,,,,,,,,,,,,,,,,,,,,,,,,,,,,,,,,,
BRCA,PIPO-68,,,,,,,FMH - PIPO,,Forest,,,394474,4162040,,NAD83,0,0,11/14/06,,,,,340,0,0,0, Heading to Plot 0,"Route Description:  Feature Description:  Compass Bearing Feature to Stake: 0Distance from Feature to Stake, meters: 0",From FMH 1028 ,Subsample comments:  50m_Shrub_Tran: From FMH 1036 50m_Veg_Tran: From FMH 1049 Fuel_1: From FMH 1052 Fuel_2: From FMH 1052 Fuel_3: From FMH 1052 Fuel_4: From FMH 1052 Pole: From FMH 1043 Seedling: From FMH query 17 Tree_Q1: From FMH 1039 Tree_Q2: From FMH 1040 Tree_Q3: From FMH 1041 Tree_Q4: From FMH 1042,,,,,,,,
BRCA,PIPO-68,8/7/96,,From FMH 1029 ,23,00PR01,,,,,,,,,,,,,,,,,,,,,,,,,,,,,,,,,
BRCA,PIPO-68,7/20/00,,From FMH 1029 ,0,00Pre,,,,,,,,,,,,,,,,,,,,,,,,,,,,,,,,,
BRCA,PIPO-68,10/22/01,,From FMH 1029                                                                  ,1,01Post,,,,,,,,,,,,,,,,,,,,,,,,,,,,,,,,,
BRCA,PIPO-68,7/30/02,,From FMH 1029                                                                  ,2,01Year01,,,,,,,,,,,,,,,,,,,,,,,,,,,,,,,,,
BRCA,PIPO-68,7/6/03,,From FMH 1029                                                                  ,3,01Year02,,,,,,,,,,,,,,,,,,,,,,,,,,,,,,,,,
BRCA,PIPO-68,7/3/06,,From FMH 1029                                                                  ,5,01Year05,,,,,,,,,,,,,,,,,,,,,,,,,,,,,,,,,
BRCA,PIPO-68,7/18/11 11:43,,,7,01Year10,01Year10,,,,,,,,,,,,,,,,,,,,,,,,,,,,,,,,
BRCA,PIPO-68,7/6/16 15:33,,,9,01Year15,,,,,,,,,,,,,,,,,,,,,,,,,,,,,,,,,
BRCA,PIPO-69,,,,,,,FMH - PIPO,,Forest,,,394767,4161432,,NAD83,0,0,11/14/06,,,,,65,0,0,0, Heading to Plot 0,"Route Description:  Feature Description:  Compass Bearing Feature to Stake: 0Distance from Feature to Stake, meters: 0",From FMH 1028 ,Subsample comments:  50m_Shrub_Tran: From FMH 1036 50m_Veg_Tran: From FMH 1049 Fuel_1: From FMH 1052 Fuel_2: From FMH 1052 Fuel_3: From FMH 1052 Fuel_4: From FMH 1052 Pole: From FMH 1043 Seedling: From FMH query 17 Tree_Q1: From FMH 1039 Tree_Q2: From FMH 1040 Tree_Q3: From FMH 1041 Tree_Q4: From FMH 1042,,,,,,,,
BRCA,PIPO-69,8/13/96,,From FMH 1029 ,0,00Pre,,,,,,,,,,,,,,,,,,,,,,,,,,,,,,,,,
BRCA,PIPO-69,10/22/01,,From FMH 1029                                                                  ,1,01Post,,,,,,,,,,,,,,,,,,,,,,,,,,,,,,,,,
BRCA,PIPO-69,7/31/02,,From FMH 1029                                                                  ,2,01Year01,,,,,,,,,,,,,,,,,,,,,,,,,,,,,,,,,
BRCA,PIPO-69,7/15/03,,From FMH 1029                                                                  ,3,01Year02,,,,,,,,,,,,,,,,,,,,,,,,,,,,,,,,,
BRCA,PIPO-69,7/18/06,,From FMH 1029                                                                  ,5,01Year05,,,,,,,,,,,,,,,,,,,,,,,,,,,,,,,,,
BRCA,PIPO-69,7/7/11 16:09,,,7,01Year10,01Year10,,,,,,,,,,,,,,,,,,,,,,,,,,,,,,,,
BRCA,PIPO-69,7/7/16 10:07,,,9,01Year15,,,,,,,,,,,,,,,,,,,,,,,,,,,,,,,,,
BRCA,PIPO-70,,,,,,,FMH - PIPO,,Forest,,,393469,4161152,,NAD83,0,0,11/14/06,,,,,224,0,0,0, Heading to Plot 0,"Route Description:  Feature Description:  Compass Bearing Feature to Stake: 0Distance from Feature to Stake, meters: 0",From FMH 1028 ,Subsample comments:  50m_Shrub_Tran: From FMH 1036 50m_Veg_Tran: From FMH 1049 Fuel_1: From FMH 1052 Fuel_2: From FMH 1052 Fuel_3: From FMH 1052 Fuel_4: From FMH 1052 Pole: From FMH 1043 Seedling: From FMH query 17 Tree_Q1: From FMH 1039 Tree_Q2: From FMH 1040 Tree_Q3: From FMH 1041 Tree_Q4: From FMH 1042,,,,,,,,
BRCA,PIPO-70,8/11/96,,From FMH 1029 ,23,00PR01,,,,,,,,,,,,,,,,,,,,,,,,,,,,,,,,,
BRCA,PIPO-70,7/17/00,,From FMH 1029 ,0,00Pre,,,,,,,,,,,,,,,,,,,,,,,,,,,,,,,,,
BRCA,PIPO-70,8/7/01,,From FMH 1029                                                                  ,1,01Post,,,,,,,,,,,,,,,,,,,,,,,,,,,,,,,,,
BRCA,PIPO-70,8/1/02,,From FMH 1029                                                                  ,2,01Year01,,,,,,,,,,,,,,,,,,,,,,,,,,,,,,,,,
BRCA,PIPO-70,9/2/03,,From FMH 1029                                                                  ,3,01Year02,,,,,,,,,,,,,,,,,,,,,,,,,,,,,,,,,
BRCA,PIPO-70,6/18/06,,From FMH 1029                                                                  ,5,01Year05,,,,,,,,,,,,,,,,,,,,,,,,,,,,,,,,,
BRCA,PIPO-70,7/21/11 8:34,,,7,01Year10,01Year10,,,,,,,,,,,,,,,,,,,,,,,,,,,,,,,,
BRCA,PIPO-70,7/9/16 11:59,,,9,01Year15,,,,,,,,,,,,,,,,,,,,,,,,,,,,,,,,,
BRCA,PIPO-71,,,,,,,FMH - PIPO,,Forest,,,394737,4161161,,NAD83,0,0,11/14/06,,,,,222,0,0,0, Heading to Plot 0,"Route Description:  Feature Description:  Compass Bearing Feature to Stake: 0Distance from Feature to Stake, meters: 0",From FMH 1028 ,Subsample comments:  50m_Shrub_Tran: From FMH 1036 50m_Veg_Tran: From FMH 1049 Fuel_1: From FMH 1052 Fuel_2: From FMH 1052 Fuel_3: From FMH 1052 Fuel_4: From FMH 1052 Pole: From FMH 1043 Seedling: From FMH query 17 Tree_Q1: From FMH 1039 Tree_Q2: From FMH 1040 Tree_Q3: From FMH 1041 Tree_Q4: From FMH 1042,,,,,,,,
BRCA,PIPO-71,8/13/96,,From FMH 1029 ,0,00Pre,,,,,,,,,,,,,,,,,,,,,,,,,,,,,,,,,
BRCA,PIPO-71,10/22/01,,From FMH 1029                                                                  ,1,01Post,,,,,,,,,,,,,,,,,,,,,,,,,,,,,,,,,
BRCA,PIPO-71,7/31/02,,From FMH 1029                                                                  ,2,01Year01,,,,,,,,,,,,,,,,,,,,,,,,,,,,,,,,,
BRCA,PIPO-71,7/15/03,,From FMH 1029                                                                  ,3,01Year02,,,,,,,,,,,,,,,,,,,,,,,,,,,,,,,,,
BRCA,PIPO-71,8/3/06,,From FMH 1029                                                                  ,5,01Year05,,,,,,,,,,,,,,,,,,,,,,,,,,,,,,,,,
BRCA,PIPO-71,7/19/11 15:17,,,7,01Year10,01Year10,,,,,,,,,,,,,,,,,,,,,,,,,,,,,,,,
BRCA,PIPO-71,7/7/16 14:57,,,9,01Year15,,,,,,,,,,,,,,,,,,,,,,,,,,,,,,,,,
BRCA,PIPO-72,,,,,,,FMH - PIPO,,Forest,,,395140,4161529,,NAD83,0,0,11/14/06,,,,,196,0,0,0, Heading to Plot 0,"Route Description:  Feature Description:  Compass Bearing Feature to Stake: 0Distance from Feature to Stake, meters: 0",From FMH 1028 ,Subsample comments:  50m_Shrub_Tran: From FMH 1036 50m_Veg_Tran: From FMH 1049 Fuel_1: From FMH 1052 Fuel_2: From FMH 1052 Fuel_3: From FMH 1052 Fuel_4: From FMH 1052 Pole: From FMH 1043 Seedling: From FMH query 17 Tree_Q1: From FMH 1039 Tree_Q2: From FMH 1040 Tree_Q3: From FMH 1041 Tree_Q4: From FMH 1042,,,,,,,,
BRCA,PIPO-72,8/14/96,,From FMH 1029 ,0,00Pre,,,,,,,,,,,,,,,,,,,,,,,,,,,,,,,,,
BRCA,PIPO-72,10/23/01,,From FMH 1029                                                                  ,1,01Post,,,,,,,,,,,,,,,,,,,,,,,,,,,,,,,,,
BRCA,PIPO-72,7/31/02,,From FMH 1029                                                                  ,2,01Year01,,,,,,,,,,,,,,,,,,,,,,,,,,,,,,,,,
BRCA,PIPO-72,7/15/03,,From FMH 1029                                                                  ,3,01Year02,,,,,,,,,,,,,,,,,,,,,,,,,,,,,,,,,
BRCA,PIPO-72,8/2/06,,From FMH 1029                                                                  ,5,01Year05,,,,,,,,,,,,,,,,,,,,,,,,,,,,,,,,,
BRCA,PIPO-72,7/18/11 9:44,,,7,01Year10,01Year10,,,,,,,,,,,,,,,,,,,,,,,,,,,,,,,,
BRCA,PIPO-72,7/7/16 16:05,,,9,01Year15,,,,,,,,,,,,,,,,,,,,,,,,,,,,,,,,,
BRCA,PIPO-75,,,,,,,FMH - PIPO,,Forest,,,395204,4161529,,NAD83,0,0,11/14/06,,,,,172,0,0,0, Heading to Plot 0,"Route Description:  Feature Description:  Compass Bearing Feature to Stake: 0Distance from Feature to Stake, meters: 0",From FMH 1028 ,Subsample comments:  50m_Shrub_Tran: From FMH 1036 50m_Veg_Tran: From FMH 1049 Fuel_1: From FMH 1052 Fuel_2: From FMH 1052 Fuel_3: From FMH 1052 Fuel_4: From FMH 1052 Pole: From FMH 1043 Seedling: From FMH query 17 Tree_Q1: From FMH 1039 Tree_Q2: From FMH 1040 Tree_Q3: From FMH 1041 Tree_Q4: From FMH 1042,,,,,,,,
BRCA,PIPO-75,8/12/96,,From FMH 1029 ,23,00PR01,,,,,,,,,,,,,,,,,,,,,,,,,,,,,,,,,
BRCA,PIPO-75,7/18/00,,From FMH 1029 ,0,00Pre,,,,,,,,,,,,,,,,,,,,,,,,,,,,,,,,,
BRCA,PIPO-75,10/23/01,,From FMH 1029                                                                  ,1,01Post,,,,,,,,,,,,,,,,,,,,,,,,,,,,,,,,,
BRCA,PIPO-75,7/31/02,,From FMH 1029                                                                  ,2,01Year01,,,,,,,,,,,,,,,,,,,,,,,,,,,,,,,,,
BRCA,PIPO-75,7/15/03,,From FMH 1029                                                                  ,3,01Year02,,,,,,,,,,,,,,,,,,,,,,,,,,,,,,,,,
BRCA,PIPO-75,8/2/06,,From FMH 1029                                                                  ,5,01Year05,,,,,,,,,,,,,,,,,,,,,,,,,,,,,,,,,
BRCA,PIPO-75,7/18/11 16:39,,,7,01Year10,01Year10,,,,,,,,,,,,,,,,,,,,,,,,,,,,,,,,
BRCA,PIPO-75,7/8/16 11:45,,,9,01Year15,,,,,,,,,,,,,,,,,,,,,,,,,,,,,,,,,
BRCA,Puma_007,,,,,,,,,,,,386785,4152274,12S,NAD83,,,,,,,,,22,,28,,,,,,,,,,,,
BRCA,Puma_007,10/1/09 8:49,,,0,PostBurnYear1,PostBurnYear1,,,,,,,,,,,,,,,,,,,,,,,,,,,,,,,,
BRCA,Puma_008,,,,,,,,,,,,386728,4152232,12,NAD83,,,,,,,,,274,,41,,,,,,,,,,,,
BRCA,Puma_008,10/1/09 8:49,,,0,PostBurnYear1,PostBurnYear1,,,,,,,,,,,,,,,,,,,,,,,,,,,,,,,,
BRCA,Puma_009,,,,,,,,,,,,386625,4152124,12S,NAD83,,,,,,,,,237,,32,,,,,,,,,,,,
BRCA,Puma_009,10/1/09 8:49,,,0,PostBurnYear1,PostBurnYear1,,,,,,,,,,,,,,,,,,,,,,,,,,,,,,,,
BRCA,Puma_010,,,,,,,,,,,,387637,4151741,12,NAD83,,,,,,,,,287,,22,,,,,,,,,,,,
BRCA,Puma_010,9/29/09 8:49,,,0,PostBurnYear1,PostBurnYear1,,,,,,,,,,,,,,,,,,,,,,,,,,,,,,,,
BRCA,Puma_011,,,,,,,,,,,,387757,4151731,12,NAD83,,,,,,,,,317,,17,,,,,,,,,,,,
BRCA,Puma_011,9/29/09 8:49,,,0,PostBurnYear1,PostBurnYear1,,,,,,,,,,,,,,,,,,,,,,,,,,,,,,,,
BRCA,Puma_012,,,,,,,,,,,,387882,4151749,12,NAD83,,,,,,,,,323,,25,,,,,,,,,,,,
BRCA,Puma_012,9/29/09 8:49,,,0,PostBurnYear1,PostBurnYear1,,,,,,,,,,,,,,,,,,,,,,,,,,,,,,,,
BRCA,Puma_013,,,,,,,,,,,,387809,4151649,12,NAD83,,,,,,,,,295,,25,,,,,,,,,,,,
BRCA,Puma_013,9/29/09 8:49,,,0,PostBurnYear1,PostBurnYear1,,,,,,,,,,,,,,,,,,,,,,,,,,,,,,,,
BRCA,Puma_014,,,,,,,,,,,,387511,4151575,12,NAD83,,,,,,,,,311,,25,,,,,,,,,,,,
BRCA,Puma_014,9/29/09 8:49,,,0,PostBurnYear1,PostBurnYear1,,,,,,,,,,,,,,,,,,,,,,,,,,,,,,,,
BRCA,Puma_015,,,,,,,,,,,,387661,4151566,12,NAD83,,,,,,,,,315,,20,,,,,,,,,,,,
BRCA,Puma_015,9/29/09 8:49,,,0,PostBurnYear1,PostBurnYear1,,,,,,,,,,,,,,,,,,,,,,,,,,,,,,,,
BRCA,Puma_016,,,,,,,,,,,,387872,4151597,12,NAD83,,,,,,,,,305,,10,,,,,,,,,,,,
BRCA,Puma_016,9/29/09 8:49,,,0,PostBurnYear1,PostBurnYear1,,,,,,,,,,,,,,,,,,,,,,,,,,,,,,,,
BRCA,Puma_017,,,,,,,,,,,,387819,4151560,12,NAD83,,,,,,,,,297,,18,,,,,,,,,,,,
BRCA,Puma_017,9/29/09 8:49,,,0,PostBurnYear1,PostBurnYear1,,,,,,,,,,,,,,,,,,,,,,,,,,,,,,,,
BRCA,Puma_018,,,,,,,,,,,,387494,4151479,12,NAD83,,,,,,,,,295,,29,,,,,,,,,,,,
BRCA,Puma_018,9/29/09 8:49,,,0,PostBurnYear1,PostBurnYear1,,,,,,,,,,,,,,,,,,,,,,,,,,,,,,,,
BRCA,Puma_019,,,,,,,,,,,,387853,4151539,12,NAD83,,,,,,,,,290,,12,,,,,,,,,,,,
BRCA,Puma_019,9/29/09 8:49,,,0,PostBurnYear1,PostBurnYear1,,,,,,,,,,,,,,,,,,,,,,,,,,,,,,,,
BRCA,Puma_020,,,,,,,,,,,,387590,4151467,12,NAD83,,,,,,,,,338,,15,,,,,,,,,,,,
BRCA,Puma_020,9/29/09 8:49,,,0,PostBurnYear1,PostBurnYear1,,,,,,,,,,,,,,,,,,,,,,,,,,,,,,,,
BRCA,Puma_021,,,,,,,,,,,,387502,4151425,12,NAD83,,,,,,,,,340,,30,,,,,,,,,,,,
BRCA,Puma_021,9/29/09 8:49,,,0,PostBurnYear1,PostBurnYear1,,,,,,,,,,,,,,,,,,,,,,,,,,,,,,,,
BRCA,Puma_022,,,,,,,,,,,,387540,4151393,12,NAD83,,,,,,,,,308,,12,,,,,,,,,,,,
BRCA,Puma_022,9/29/09 8:49,,,0,PostBurnYear1,PostBurnYear1,,,,,,,,,,,,,,,,,,,,,,,,,,,,,,,,
BRCA,Puma_023,,,,,,,,,,,,387691,4151420,12,NAD83,,,,,,,,,138,,18,,,,,,,,,,,,
BRCA,Puma_023,9/29/09 8:49,,,0,PostBurnYear1,PostBurnYear1,,,,,,,,,,,,,,,,,,,,,,,,,,,,,,,,
BRCA,Puma_024,,,,,,,,,,,,387795,4151317,12,NAD83,,,,,,,,,309,,25,,,,,,,,,,,,
BRCA,Puma_024,9/29/09 8:49,,,0,PostBurnYear1,PostBurnYear1,,,,,,,,,,,,,,,,,,,,,,,,,,,,,,,,
BRCA,Puma_025,,,,,,,,,,,,388352,4150740,12,NAD83,,,,,,,,,216,,25,,,,,,,,,,,,
BRCA,Puma_025,9/28/09 8:49,,,0,PostBurnYear1,PostBurnYear1,,,,,,,,,,,,,,,,,,,,,,,,,,,,,,,,
BRCA,Puma_027,,,,,,,,,,,,387790,4150229,12,NAD83,,,,,,,,,346,,24,,,,,,,,,,,,
BRCA,Puma_027,9/30/09 8:49,,,0,PostBurnYear1,PostBurnYear1,,,,,,,,,,,,,,,,,,,,,,,,,,,,,,,,
BRCA,Puma_028,,,,,,,,,,,,387784,4150079,12,NAD83,,,,,,,,,276,,23,,,,,,,,,,,,
BRCA,Puma_028,9/30/09 8:49,,,0,PostBurnYear1,PostBurnYear1,,,,,,,,,,,,,,,,,,,,,,,,,,,,,,,,
BRCA,Puma_031,,,,,,,,,,,,387940,4150071,12,NAD83,,,,,,,,,104,,28,,,,,,,,,,,,
BRCA,Puma_031,9/30/09 8:49,,,0,PostBurnYear1,PostBurnYear1,,,,,,,,,,,,,,,,,,,,,,,,,,,,,,,,
BRCA,Puma_032,,,,,,,,,,,,387975,4150048,12,NAD83,,,,,,,,,112,,25,,,,,,,,,,,,
BRCA,Puma_032,9/30/09 8:49,,,0,PostBurnYear1,PostBurnYear1,,,,,,,,,,,,,,,,,,,,,,,,,,,,,,,,
BRCA,Puma_033,,,,,,,,,,,,387771,4149983,12,NAD83,,,,,,,,,262,,12,,,,,,,,,,,,
BRCA,Puma_033,9/30/09 8:49,,,0,PostBurnYear1,PostBurnYear1,,,,,,,,,,,,,,,,,,,,,,,,,,,,,,,,
BRCA,Puma_034,,,,,,,,,,,,387918,4150010,12,NAD83,,,,,,,,,108,,20,,,,,,,,,,,,
BRCA,Puma_034,9/30/09 8:49,,,0,PostBurnYear1,PostBurnYear1,,,,,,,,,,,,,,,,,,,,,,,,,,,,,,,,
BRCA,Puma_035,,,,,,,,,,,,387949,4150017,12,NAD83,,,,,,,,,88,,17,,,,,,,,,,,,
BRCA,Puma_035,9/30/09 8:49,,,0,PostBurnYear1,PostBurnYear1,,,,,,,,,,,,,,,,,,,,,,,,,,,,,,,,
BRCA,Puma_036,,,,,,,,,,,,387980,4150021,12,NAD83,,,,,,,,,135,,7,,,,,,,,,,,,
BRCA,Puma_036,9/30/09 8:49,,,0,PostBurnYear1,PostBurnYear1,,,,,,,,,,,,,,,,,,,,,,,,,,,,,,,,
BRCA,Puma_037,,,,,,,,,,,,387918,4149985,12,NAD83,,,,,,,,,100,,17,,,,,,,,,,,,
BRCA,Puma_037,9/30/09 8:49,,,0,PostBurnYear1,PostBurnYear1,,,,,,,,,,,,,,,,,,,,,,,,,,,,,,,,
BRCA,Puma_038,,,,,,,,,,,,387956,4149959,12,NAD83,,,,,,,,,102,,13,,,,,,,,,,,,
BRCA,Puma_038,9/30/09 8:49,,,0,PostBurnYear1,PostBurnYear1,,,,,,,,,,,,,,,,,,,,,,,,,,,,,,,,
BRCA,Puma_039,,,,,,,,,,,,387817,4149874,12,NAD83,,,,,,,,,197,,18,,,,,,,,,,,,
BRCA,Puma_039,9/30/09 8:49,,,0,PostBurnYear1,PostBurnYear1,,,,,,,,,,,,,,,,,,,,,,,,,,,,,,,,
BRCA,Puma_041,,,,,,,,,,,,387769,4149806,12,NAD83,,,,,,,,,177,,20,,,,,,,,,,,,
BRCA,Puma_041,9/30/09 8:49,,,0,PostBurnYear1,PostBurnYear1,,,,,,,,,,,,,,,,,,,,,,,,,,,,,,,,
BRCA,Puma_042,,,,,,,,,,,,387827,4149819,12,NAD83,,,,,,,,,205,,20,,,,,,,,,,,,
BRCA,Puma_042,9/30/09 8:49,,,0,PostBurnYear1,PostBurnYear1,,,,,,,,,,,,,,,,,,,,,,,,,,,,,,,,
BRCA,Puma_043,,,,,,,,,,,,387656,4149731,12,NAD83,,,,,,,,,252,,16,,,,,,,,,,,,
BRCA,Puma_043,9/30/09 8:49,,,0,PostBurnYear1,PostBurnYear1,,,,,,,,,,,,,,,,,,,,,,,,,,,,,,,,
BRCA,Puma_046,,,,,,,,,,,,388812,4149625,12S,NAD83,,,,,,,,,297,,20,,,,,,,,,,,,
BRCA,Puma_046,9/29/09 8:49,,,0,PostBurnYear1,PostBurnYear1,,,,,,,,,,,,,,,,,,,,,,,,,,,,,,,,
BRCA,Puma_047,,,,,,,,,,,,388897,4149652,12,NAD83,,,,,,,,,275,,15,,,,,,,,,,,,
BRCA,Puma_047,9/29/09 8:49,,,0,PostBurnYear1,PostBurnYear1,,,,,,,,,,,,,,,,,,,,,,,,,,,,,,,,
BRCA,Puma_048,,,,,,,,,,,,388762,4149552,12S,NAD83,,6.7,,,,,,,315,,20,,,,,,,,,,,,
BRCA,Puma_048,9/29/09 8:49,,,0,PostBurnYear1,PostBurnYear1,,,,,,,,,,,,,,,,,,,,,,,,,,,,,,,,
BRCA,Puma_049,,,,,,,,,,,,388900,4149650,12,NAD83,,,,,,,,,315,,12,,,,,,,,,,,,
BRCA,Puma_049,9/29/09 8:49,,,0,PostBurnYear1,PostBurnYear1,,,,,,,,,,,,,,,,,,,,,,,,,,,,,,,,
BRCA,Puma_050,,,,,,,,,,,,388866,4149517,12,NAD83,,8.7,,,,,,,270,,21,,,,,,,,,,,,
BRCA,Puma_050,9/28/09 8:49,,,0,PostBurnYear1,PostBurnYear1,,,,,,,,,,,,,,,,,,,,,,,,,,,,,,,,
BRCA,Puma_051,,,,,,,,,,,,388892,4149469,12,NAD83,,6,,,,,,,300,,21,,,,,,,,,,,,
BRCA,Puma_051,9/28/09 8:49,,,0,PostBurnYear1,PostBurnYear1,,,,,,,,,,,,,,,,,,,,,,,,,,,,,,,,
BRCA,Puma_052,,,,,,,,,,,,389031,4148648,12,NAD83,,,,,,,,,318,,3,,,,,,,,,,,,
BRCA,Puma_052,10/1/09 8:49,,,0,PostBurnYear1,PostBurnYear1,,,,,,,,,,,,,,,,,,,,,,,,,,,,,,,,
BRCA,Puma_054,,,,,,,,,,,,388978,4148581,12,NAD83,,,,,,,,,224,,5,,,,,,,,,,,,
BRCA,Puma_054,10/1/09 8:49,,,0,PostBurnYear1,PostBurnYear1,,,,,,,,,,,,,,,,,,,,,,,,,,,,,,,,
BRCA,Puma_057,,,,,,,,,,,,389049,4148532,12,NAD83,,,,,,,,,256,,2,,,,,,,,,,,,
BRCA,Puma_057,10/1/09 8:49,,,0,PostBurnYear1,PostBurnYear1,,,,,,,,,,,,,,,,,,,,,,,,,,,,,,,,
BRCA,Puma_059,,,,,,,,,,,,389146,4148488,12,NAD83,,,,,,,,,132,,5,,,,,,,,,,,,
BRCA,Puma_059,10/1/09 8:49,,,0,PostBurnYear1,PostBurnYear1,,,,,,,,,,,,,,,,,,,,,,,,,,,,,,,,
BRCA,Puma_061,,,,,,,,,,,,388835,4148318,12,NAD83,,,,,,,,,268,,10,,,,,,,,,,,,
BRCA,Puma_061,10/1/09 8:49,,,0,PostBurnYear1,PostBurnYear1,,,,,,,,,,,,,,,,,,,,,,,,,,,,,,,,
BRCA,Puma_062,,,,,,,,,,,,388782,4148279,12,NAD83,,,,,,,,,286,,7,,,,,,,,,,,,
BRCA,Puma_062,10/1/09 8:49,,,0,PostBurnYear1,PostBurnYear1,,,,,,,,,,,,,,,,,,,,,,,,,,,,,,,,
BRCA,Rainbow RAP 01,,,,,,,RAP - Rainbow,,RA,,,390352,4148076,12N,NAD83,,6,9/10/14 13:44,,,9100,feet,,44,11,,,,,,,,,,,,,
BRCA,Rainbow RAP 01,9/10/14 14:57,,,0,00Pre,00Pre,,,,,,,,,,,,,,,,,,,,,,,,,,,,,,,,
BRCA,Rainbow RAP 01,10/24/18 12:03,"MARASCIO, BRANNFORS, SUNDERLAND",,,,,,,,,,,,,,,,,,,,,,,,,,,,,,,,,,,,
BRCA,Rainbow RAP 02,,,,,,,RAP - Rainbow,,RA,,,390511,4148035,12N,NAD83,,5,9/10/14 13:47,,,9132,feet,,360,8,,,,,,,,,,,,,
BRCA,Rainbow RAP 02,9/10/14 15:00,,,0,00Pre,,,,,,,,,,,,,,,,,,,,,,,,,,,,,,,,,
BRCA,Rainbow RAP 02,10/24/18 12:14,"MARASCIO, BRANNFORS, SUNDERLAND",,,,,,,,,,,,,,,,,,,,,,,,,,,,,,,,,,,,
BRCA,Rainbow RAP 03,,,,,,,RAP - Rainbow,,RA,,,390693,4148049,12N,NAD83,,3,9/10/14 13:55,,,9021,feet,,104,24,,,,,,,,,,,,,
BRCA,Rainbow RAP 03,9/10/14 15:14,,,0,00Pre,,,,,,,,,,,,,,,,,,,,,,,,,,,,,,,,,
BRCA,Rainbow RAP 03,9/25/18 17:00,"MARASCIO, BRANNFORS",,1,01Post,,,,,,,,,,,,,,,,,,,,,,,,,,,,,,,,,
BRCA,Rainbow RAP 04,,,,,,,RAP - Rainbow,,RA,,,390735,4148130,12N,NAD83,,2,9/10/14 13:56,,,8954,feet,,63,26,,,,,,,,,,,,,
BRCA,Rainbow RAP 04,9/10/14 15:55,,,0,00Pre,,,,,,,,,,,,,,,,,,,,,,,,,,,,,,,,,
BRCA,Rainbow RAP 04,9/27/18 17:08,"MARASCIO, BRANNFORS",,1,01Post,,,,,,,,,,,,,,,,,,,,,,,,,,,,,,,,,
BRCA,Rainbow RAP 05,,,,,,,RAP - Rainbow,,RA,,,390683,4148170,12N,NAD83,,4,9/10/14 13:58,,,9010,feet,,32,26,,,,,,,,,,,,,
BRCA,Rainbow RAP 05,9/10/14 15:56,,,0,00Pre,,,,,,,,,,,,,,,,,,,,,,,,,,,,,,,,,
BRCA,Rainbow RAP 05,9/26/18 17:12,"MARASCIO, BRANNFORS",,1,01Post,,,,,,,,,,,,,,,,,,,,,,,,,,,,,,,,,
BRCA,Rainbow RAP 06,,,,,,,RAP - Rainbow,,RA,,,390660,4148111,12N,NAD83,,1,9/11/14 13:59,,,9032,feet,,52,19,,,,,,,,,,,,,
BRCA,Rainbow RAP 06,9/11/14 15:56,,,0,00Pre,,,,,,,,,,,,,,,,,,,,,,,,,,,,,,,,,
BRCA,Rainbow RAP 06,9/27/18 17:17,"MARASCIO, BRANNFORS",,1,01Post,,,,,,,,,,,,,,,,,,,,,,,,,,,,,,,,,
BRCA,Rainbow RAP 07,,,,,,,RAP - Rainbow,,RA,,,390608,4148191,12N,NAD83,,1,9/11/14 14:52,,,9025,feet,,10,16,,,,,,,,,,,,,
BRCA,Rainbow RAP 07,9/11/14 15:56,,,0,00Pre,,,,,,,,,,,,,,,,,,,,,,,,,,,,,,,,,
BRCA,Rainbow RAP 07,9/26/18 17:20,"MARASCIO, BRANNFORS",,1,01Post,,,,,,,,,,,,,,,,,,,,,,,,,,,,,,,,,
BRCA,Rainbow RAP 08,,,,,,,RAP - Rainbow,,RA,,,390500,4148059,12N,NAD83,,1,9/11/14 14:53,,,9104,feet,,10,10,,,,,,,,,,,,,
BRCA,Rainbow RAP 08,9/11/14 15:57,,,0,00Pre,,,,,,,,,,,,,,,,,,,,,,,,,,,,,,,,,
BRCA,Rainbow RAP 08,10/24/18 12:20,"MARASCIO, BRANNFORS, SUNDERLAND",,,,,,,,,,,,,,,,,,,,,,,,,,,,,,,,,,,,
BRCA,Rainbow RAP 09,,,,,,,RAP - Rainbow,,RA,,,390545,4148035,12N,NAD83,,2,9/11/14 14:54,,,9102,feet,,12,5,,,,,,,,,,,,,
BRCA,Rainbow RAP 09,9/11/14 15:57,,,0,00Pre,,,,,,,,,,,,,,,,,,,,,,,,,,,,,,,,,
BRCA,Rainbow RAP 09,10/24/18 12:22,"MARASCIO, BRANNFORS",,,,,,,,,,,,,,,,,,,,,,,,,,,,,,,,,,,,
BRCA,Rainbow RAP 10,,,,,,,RAP - Rainbow,,RA,,,390519,4148133,12N,NAD83,,4,9/11/14 14:56,,,9076,feet,,322,15,,,,,,,,,,,,,
BRCA,Rainbow RAP 10,9/11/14 14:59,,,0,00Pre,,,,,,,,,,,,,,,,,,,,,,,,,,,,,,,,,
BRCA,Rainbow RAP 10,10/24/18 12:30,"MARASCIO, BRANNFORS",,,,,,,,,,,,,,,,,,,,,,,,,,,,,,,,,,,,
BRCA,SunsetFuels_001,,,,,,,RAP - Sunset,,RA,,,4163740,395681,,NAD83 12S,,,7/23/11,,,,,,,,,,,,,,,,,,,,
BRCA,SunsetFuels_001,8/8/11 10:37,,,0,00Pre,00Pre,,,,,,,,,,,,,,,,,,,,,,,,,,,,,,,,
BRCA,SunsetFuels_001,9/19/11 9:18,,,1,01Post,01Post,,,,,,,,,,,,,,,,,,,,,,,,,,,,,,,,
BRCA,SunsetFuels_002,,,,,,,RAP - Sunset,,RA,,,4163879,395753,,NAD83 12S,,,7/24/11,,,,,,,,,,,,,,,,,,,,
BRCA,SunsetFuels_002,8/8/11 10:54,,,0,00Pre,01Pre,,,,,,,,,,,,,,,,,,,,,,,,,,,,,,,,
BRCA,SunsetFuels_002,9/19/11 9:36,,,1,01Post,01Post,,,,,,,,,,,,,,,,,,,,,,,,,,,,,,,,
BRCA,SunsetFuels_003,,,,,,,RAP - Sunset,,RA,,,4163956,395692,,NAD83 12S,,,7/24/11,,,,,,,,,,,,,,,,,,,,
BRCA,SunsetFuels_003,8/8/11 10:54,,,0,00Pre,01Pre,,,,,,,,,,,,,,,,,,,,,,,,,,,,,,,,
BRCA,SunsetFuels_003,9/19/11 9:48,,,1,01Post,01Post,,,,,,,,,,,,,,,,,,,,,,,,,,,,,,,,
BRCA,SunsetFuels_004,,,,,,,RAP - Sunset,,RA,,,4164224,395748,,NAD83 12S,,,7/24/11,,,,,,,,,,,Site was visited during post read but plot did not burn and post data was not collected. Pre data was transfered over to post for data analysis purposes.,,,,,,,,,
BRCA,SunsetFuels_004,8/8/11 10:54,,,0,00Pre,01Pre,,,,,,,,,,,,,,,,,,,,,,,,,,,,,,,,
BRCA,SunsetFuels_004,9/19/11 10:06,,,1,01Post,01Post,,,,,,,,,,,,,,,,,,,,,,,,,,,,,,,,
BRCA,SunsetFuels_005,,,,,,,RAP - Sunset,,RA,,,4164345,395734,,NAD83 12S,,,7/24/11,,,,,,,,,,,,,,,,,,,,
BRCA,SunsetFuels_005,8/8/11 10:55,,,0,00Pre,01Pre,,,,,,,,,,,,,,,,,,,,,,,,,,,,,,,,
BRCA,SunsetFuels_005,9/19/11 10:07,,,1,01Post,01Post,,,,,,,,,,,,,,,,,,,,,,,,,,,,,,,,
BRCA,SunsetFuels_006,,,,,,,RAP - Sunset,,RA,,,4163451,395544,,NAD83 12S,,,7/24/11,,,,,,,,,,,,,,,,,,,,
BRCA,SunsetFuels_006,8/8/11 10:55,,,0,00Pre,01Pre,,,,,,,,,,,,,,,,,,,,,,,,,,,,,,,,
BRCA,SunsetFuels_006,9/19/11 10:18,,,1,01Post,01Post,,,,,,,,,,,,,,,,,,,,,,,,,,,,,,,,
BRCA,SunsetFuels_007,,,,,,,RAP - Sunset,,RA,,,4163164,395337,,NAD83 12S,,,7/24/11,,,,,,,,,,,,,,,,,,,,
BRCA,SunsetFuels_007,8/8/11 10:55,,,0,00Pre,01Pre,,,,,,,,,,,,,,,,,,,,,,,,,,,,,,,,
BRCA,SunsetFuels_007,9/19/11 10:28,,,1,01Post,01Post,,,,,,,,,,,,,,,,,,,,,,,,,,,,,,,,
BRCA,SunsetFuels_008,,,,,,,RAP - Sunset,,RA,,,4163535,395063,,NAD83 12S,,,7/24/11,,,,,,,,,,,,,,,,,,,,
BRCA,SunsetFuels_008,8/8/11 10:55,,,0,00Pre,01Pre,,,,,,,,,,,,,,,,,,,,,,,,,,,,,,,,
BRCA,SunsetFuels_008,9/15/11 15:13,,,1,01Post,01Post,,,,,,,,,,,,,,,,,,,,,,,,,,,,,,,,
BRCA,SunsetFuels_009,,,,,,,RAP - Sunset,,RA,,,4164812,3966214,,NAD83 12S,,,7/24/11,,,,,,,,,,,,,,,,,,,,
BRCA,SunsetFuels_009,8/8/11 10:56,,,0,00Pre,01Pre,,,,,,,,,,,,,,,,,,,,,,,,,,,,,,,,
BRCA,SunsetFuels_009,9/19/11 10:49,,,1,01Post,01Post,,,,,,,,,,,,,,,,,,,,,,,,,,,,,,,,
BRCA,SunsetFuels_010,,,,,,,RAP - Sunset,,RA,,,4164796,396014,,NAD83 12S,,,7/24/11,,,,,,,,,,,,,,,,,,,,
BRCA,SunsetFuels_010,8/8/11 10:56,,,0,00Pre,01Pre,,,,,,,,,,,,,,,,,,,,,,,,,,,,,,,,
BRCA,SunsetFuels_010,9/15/11 15:18,,,1,01Post,01Post,,,,,,,,,,,,,,,,,,,,,,,,,,,,,,,,